policy,policy_kind,segment,count,retained_pct_of_total,target_bps,stop_bps,max_hold_ms,gross_eligible_count,gross_excluded_count,gross_target_count,gross_stop_count,gross_timeout_count,gross_target_rate,gross_stop_rate,gross_timeout_rate,gross_positive_timeout_count,gross_negative_timeout_count,gross_negative_timeout_rate,gross_avg_pnl_bps,gross_median_pnl_bps,gross_sum_pnl_bps,gross_profit_factor,gross_max_consecutive_losses,cost100_eligible_count,cost100_excluded_count,cost100_target_count,cost100_stop_count,cost100_timeout_count,cost100_target_rate,cost100_stop_rate,cost100_timeout_rate,cost100_positive_timeout_count,cost100_negative_timeout_count,cost100_negative_timeout_rate,cost100_avg_pnl_bps,cost100_median_pnl_bps,cost100_sum_pnl_bps,cost100_profit_factor,cost100_max_consecutive_losses
S0,candidate_ladder,train,1439,0.3333333333333333,10000,-200,120000,1439,0,21,810,608,0.014593467685892982,0.5628908964558721,0.4225156358582349,77,531,0.8733552631578947,83.14871438498957,-200.0,119651.0,1.5394568956577803,61,1439,0,21,810,608,0.014593467685892982,0.5628908964558721,0.4225156358582349,71,537,0.8832236842105263,-16.851285615010426,-300.0,-24249.0,0.9319530695342031,61
S0,candidate_ladder,validation,1439,0.3333333333333333,10000,-200,120000,1439,0,19,845,575,0.01320361362056984,0.5872133425990271,0.39958304378040305,58,517,0.8991304347826087,59.32314107018763,-200.0,85366.0,1.3781205152282916,99,1439,0,19,845,575,0.01320361362056984,0.5872133425990271,0.39958304378040305,53,522,0.9078260869565218,-40.67685892981237,-300.0,-58534.0,0.838435529057812,99
S0,candidate_ladder,holdout,1439,0.3333333333333333,10000,-200,120000,1439,0,17,891,531,0.0118137595552467,0.6191799861014593,0.3690062543432939,71,460,0.8662900188323918,66.23349548297429,-200.0,95310.0,1.4151891896601294,96,1439,0,17,891,531,0.0118137595552467,0.6191799861014593,0.3690062543432939,68,463,0.871939736346516,-33.76650451702571,-300.0,-48590.0,0.8667949645810031,96
S1_F5,candidate_ladder,train,297,0.06879777623349548,7500,-100,30000,297,0,7,228,62,0.02356902356902357,0.7676767676767676,0.20875420875420875,59,3,0.04838709677419355,431.56228956228955,-100.0,128174.0,6.5810328311416875,22,297,0,7,228,62,0.02356902356902357,0.7676767676767676,0.20875420875420875,58,4,0.06451612903225806,331.56228956228955,-200.0,98474.0,3.136234462112502,25
S1_F5,candidate_ladder,validation,399,0.09242529534398888,7500,-100,30000,399,0,3,351,45,0.007518796992481203,0.8796992481203008,0.11278195488721804,43,2,0.044444444444444446,197.5689223057644,-100.0,78830.0,3.2419726401410656,41,399,0,3,351,45,0.007518796992481203,0.8796992481203008,0.11278195488721804,41,4,0.08888888888888889,97.56892230576442,-200.0,38930.0,1.5514398628836918,41
S1_F5,candidate_ladder,holdout,458,0.10609219365299977,7500,-100,30000,458,0,5,375,78,0.010917030567685589,0.8187772925764192,0.1703056768558952,76,2,0.02564102564102564,288.6593886462882,-100.0,132206.0,4.516304058726528,26,458,0,5,375,78,0.010917030567685589,0.8187772925764192,0.1703056768558952,72,6,0.07692307692307693,188.65938864628822,-200.0,86406.0,2.1445412880493815,26
C1,candidate_ladder,train,201,0.046560111188325225,7500,-100,30000,201,0,7,146,48,0.03482587064676617,0.7263681592039801,0.23880597014925373,46,2,0.041666666666666664,495.55721393034827,-100.0,99607.0,7.790306087667871,16,201,0,7,146,48,0.03482587064676617,0.7263681592039801,0.23880597014925373,45,3,0.0625,395.55721393034827,-200.0,79507.0,3.6951525423728815,18
C1,candidate_ladder,validation,261,0.06045865184155664,7500,-100,30000,261,0,0,230,31,0.0,0.8812260536398467,0.11877394636015326,30,1,0.03225806451612903,181.1455938697318,-100.0,47279.0,3.054090454881175,31,261,0,0,230,31,0.0,0.8812260536398467,0.11877394636015326,29,2,0.06451612903225806,81.1455938697318,-200.0,21179.0,1.4587376537861723,31
C1,candidate_ladder,holdout,306,0.07088255733148019,7500,-100,30000,306,0,3,247,56,0.00980392156862745,0.8071895424836601,0.1830065359477124,54,2,0.03571428571428571,286.6372549019608,-100.0,87711.0,4.537019114444713,28,306,0,3,247,56,0.00980392156862745,0.8071895424836601,0.1830065359477124,52,4,0.07142857142857142,186.63725490196077,-200.0,57111.0,2.147291026336407,28
C2,candidate_ladder,train,100,0.02316423442205235,10000,-200,40000,100,0,3,68,29,0.03,0.68,0.29,22,7,0.2413793103448276,591.88,-200.0,59188.0,5.04565960355434,12,100,0,3,68,29,0.03,0.68,0.29,22,7,0.2413793103448276,491.88,-300.0,49188.0,3.222684139177587,12
C2,candidate_ladder,validation,105,0.024322446143154968,10000,-200,40000,105,0,0,82,23,0.0,0.780952380952381,0.21904761904761905,16,7,0.30434782608695654,226.72380952380954,-200.0,23806.0,2.3944470477975632,18,105,0,0,82,23,0.0,0.780952380952381,0.21904761904761905,15,8,0.34782608695652173,126.72380952380952,-300.0,13306.0,1.51108123679662,18
C2,candidate_ladder,holdout,118,0.027333796618021773,10000,-200,40000,118,0,0,93,25,0.0,0.788135593220339,0.211864406779661,21,4,0.16,330.1949152542373,-200.0,38963.0,3.0565290826559695,17,118,0,0,93,25,0.0,0.788135593220339,0.211864406779661,20,5,0.2,230.1949152542373,-300.0,27163.0,1.9465779202676332,17
C3,candidate_ladder,train,87,0.020152883947185545,10000,-200,40000,87,0,2,58,27,0.022988505747126436,0.6666666666666666,0.3103448275862069,21,6,0.2222222222222222,580.9540229885057,-200.0,50543.0,5.062615545374166,9,87,0,2,58,27,0.022988505747126436,0.6666666666666666,0.3103448275862069,21,6,0.2222222222222222,480.95402298850576,-300.0,41843.0,3.220848150310493,9
C3,candidate_ladder,validation,91,0.02107945332406764,10000,-200,40000,91,0,0,70,21,0.0,0.7692307692307693,0.23076923076923078,14,7,0.3333333333333333,232.67032967032966,-200.0,21173.0,2.443088876772083,16,91,0,0,70,21,0.0,0.7692307692307693,0.23076923076923078,14,7,0.3333333333333333,132.67032967032966,-300.0,12073.0,1.5396477740032184,16
C3,candidate_ladder,holdout,95,0.022006022700949732,10000,-200,40000,95,0,0,75,20,0.0,0.7894736842105263,0.21052631578947367,16,4,0.2,279.0842105263158,-200.0,26513.0,2.7276814805160954,15,95,0,0,75,20,0.0,0.7894736842105263,0.21052631578947367,15,5,0.25,179.0842105263158,-300.0,17013.0,1.7302970467032968,15
C4,candidate_ladder,train,67,0.015520037062775075,10000,-200,30000,67,0,1,46,20,0.014925373134328358,0.6865671641791045,0.29850746268656714,18,2,0.1,479.4925373134328,-200.0,32126.0,4.357299613334726,5,67,0,1,46,20,0.014925373134328358,0.6865671641791045,0.29850746268656714,17,3,0.15,379.4925373134328,-300.0,25426.0,2.7656944444444442,5
C4,candidate_ladder,validation,63,0.014593467685892982,10000,-200,30000,63,0,0,49,14,0.0,0.7777777777777778,0.2222222222222222,11,3,0.21428571428571427,206.68253968253967,-200.0,13021.0,2.2884425094003564,13,63,0,0,49,14,0.0,0.7777777777777778,0.2222222222222222,10,4,0.2857142857142857,106.68253968253968,-300.0,6721.0,1.4375651041666666,13
C4,candidate_ladder,holdout,73,0.016909891128098216,10000,-200,30000,73,0,0,56,17,0.0,0.7671232876712328,0.2328767123287671,16,1,0.058823529411764705,361.28767123287673,-200.0,26374.0,3.3335692797734913,11,73,0,0,56,17,0.0,0.7671232876712328,0.2328767123287671,15,2,0.11764705882352941,261.28767123287673,-300.0,19074.0,2.1172026005974347,11
C5,candidate_ladder,train,16,0.003706277507528376,10000,-200,30000,16,0,1,10,5,0.0625,0.625,0.3125,5,0,0.0,1176.4375,-200.0,18823.0,10.4115,4,16,0,1,10,5,0.0625,0.625,0.3125,5,0,0.0,1076.4375,-300.0,17223.0,6.741,4
C5,candidate_ladder,validation,24,0.005559416261292564,10000,-200,30000,24,0,0,19,5,0.0,0.7916666666666666,0.20833333333333334,5,0,0.0,-33.333333333333336,-200.0,-800.0,0.7894736842105263,6,24,0,0,19,5,0.0,0.7916666666666666,0.20833333333333334,4,1,0.2,-133.33333333333334,-300.0,-3200.0,0.44386513729579424,6
C5,candidate_ladder,holdout,20,0.0046328468844104706,10000,-200,30000,20,0,0,14,6,0.0,0.7,0.3,6,0,0.0,377.4,-200.0,7548.0,3.6957142857142857,6,20,0,0,14,6,0.0,0.7,0.3,5,1,0.16666666666666666,277.4,-300.0,5548.0,2.2989932100210724,6
SEL_EQ_S1_F5,diagnostic_selector_shadow_score_equal_count,train,363,0.08408617095205004,7500,-100,90000,363,0,13,327,23,0.03581267217630854,0.9008264462809917,0.06336088154269973,23,0,0.0,337.25895316804406,-100.0,122425.0,4.74388379204893,56,363,0,13,327,23,0.03581267217630854,0.9008264462809917,0.06336088154269973,22,1,0.043478260869565216,237.2589531680441,-200.0,86125.0,2.315447825024438,56
SEL_EQ_S1_F5,diagnostic_selector_shadow_score_equal_count,validation,396,0.0917303683113273,7500,-100,90000,396,0,12,364,20,0.030303030303030304,0.9191919191919192,0.050505050505050504,17,3,0.15,256.3131313131313,-100.0,101500.0,3.7725422710262504,60,396,0,12,364,20,0.030303030303030304,0.9191919191919192,0.050505050505050504,17,3,0.15,156.31313131313132,-200.0,61900.0,1.844371086769701,60
SEL_EQ_S1_F5,diagnostic_selector_shadow_score_equal_count,holdout,395,0.09149872596710679,7500,-100,90000,395,0,13,346,36,0.03291139240506329,0.8759493670886076,0.09113924050632911,34,2,0.05555555555555555,322.37974683544303,-100.0,127340.0,4.674930016449742,37,395,0,13,346,36,0.03291139240506329,0.8759493670886076,0.09113924050632911,33,3,0.08333333333333333,222.37974683544303,-200.0,87840.0,2.2631760594774155,37
SEL_EQ_C1,diagnostic_selector_shadow_score_equal_count,train,262,0.06069029418577716,6000,-100,40000,262,0,9,225,28,0.03435114503816794,0.8587786259541985,0.10687022900763359,28,0,0.0,312.9312977099237,-100.0,81988.0,4.6439111111111115,22,262,0,9,225,28,0.03435114503816794,0.8587786259541985,0.10687022900763359,27,1,0.03571428571428571,212.93129770992365,-200.0,55788.0,2.2377529286474975,22
SEL_EQ_C1,diagnostic_selector_shadow_score_equal_count,validation,251,0.0581422283993514,6000,-100,40000,251,0,8,215,28,0.03187250996015936,0.8565737051792829,0.11155378486055777,25,3,0.10714285714285714,304.2430278884462,-100.0,76365.0,4.514265991716521,37,251,0,8,215,28,0.03187250996015936,0.8565737051792829,0.11155378486055777,24,4,0.14285714285714285,204.24302788844622,-200.0,51265.0,2.1774230592558568,37
SEL_EQ_C1,diagnostic_selector_shadow_score_equal_count,holdout,255,0.05906879777623349,6000,-100,40000,255,0,7,205,43,0.027450980392156862,0.803921568627451,0.16862745098039217,40,3,0.06976744186046512,352.9647058823529,-100.0,90006.0,5.352531553750182,26,255,0,7,205,43,0.027450980392156862,0.803921568627451,0.16862745098039217,40,3,0.06976744186046512,252.96470588235294,-200.0,64506.0,2.555148388341088,26
SEL_EQ_C2,diagnostic_selector_shadow_score_equal_count,train,117,0.027102154273801252,6000,-100,40000,117,0,3,104,10,0.02564102564102564,0.8888888888888888,0.08547008547008547,10,0,0.0,287.3162393162393,-100.0,33616.0,4.2323076923076925,36,117,0,3,104,10,0.02564102564102564,0.8888888888888888,0.08547008547008547,10,0,0.0,187.31623931623932,-200.0,21916.0,2.0536538461538463,36
SEL_EQ_C2,diagnostic_selector_shadow_score_equal_count,validation,116,0.026870511929580728,6000,-100,40000,116,0,4,100,12,0.034482758620689655,0.8620689655172413,0.10344827586206896,10,2,0.16666666666666666,353.7844827586207,-100.0,41039.0,5.042852920894493,21,116,0,4,100,12,0.034482758620689655,0.8620689655172413,0.10344827586206896,9,3,0.25,253.7844827586207,-200.0,29439.0,2.445852364815088,21
SEL_EQ_C2,diagnostic_selector_shadow_score_equal_count,holdout,90,0.020847810979847115,6000,-100,40000,90,0,1,76,13,0.011111111111111112,0.8444444444444444,0.14444444444444443,13,0,0.0,355.77777777777777,-100.0,32020.0,5.213157894736842,11,90,0,1,76,13,0.011111111111111112,0.8444444444444444,0.14444444444444443,13,0,0.0,255.77777777777777,-200.0,23020.0,2.514473684210526,11
SEL_EQ_C3,diagnostic_selector_shadow_score_equal_count,train,97,0.02246930738939078,6000,-100,40000,97,0,3,87,7,0.030927835051546393,0.8969072164948454,0.07216494845360824,7,0,0.0,327.1443298969072,-100.0,31733.0,4.647471264367816,28,97,0,3,87,7,0.030927835051546393,0.8969072164948454,0.07216494845360824,7,0,0.0,227.1443298969072,-200.0,22033.0,2.266264367816092,28
SEL_EQ_C3,diagnostic_selector_shadow_score_equal_count,validation,100,0.02316423442205235,6000,-100,40000,100,0,3,88,9,0.03,0.88,0.09,8,1,0.1111111111111111,305.6,-100.0,30560.0,4.4352517985611515,30,100,0,3,88,9,0.03,0.88,0.09,7,2,0.2222222222222222,205.6,-200.0,20560.0,2.1546669661911717,30
SEL_EQ_C3,diagnostic_selector_shadow_score_equal_count,holdout,76,0.017604818160759785,6000,-100,40000,76,0,1,64,11,0.013157894736842105,0.8421052631578947,0.14473684210526316,11,0,0.0,428.2631578947368,-100.0,32548.0,6.085625,14,76,0,1,64,11,0.013157894736842105,0.8421052631578947,0.14473684210526316,11,0,0.0,328.2631578947368,-200.0,24948.0,2.9490625,14
SEL_EQ_C4,diagnostic_selector_shadow_score_equal_count,train,80,0.018531387537641882,10000,-100,10000,80,0,0,50,30,0.0,0.625,0.375,24,2,0.06666666666666667,291.1375,-100.0,23291.0,5.624900714853058,11,80,0,0,50,30,0.0,0.625,0.375,22,8,0.26666666666666666,191.1375,-200.0,15291.0,2.4277310924369746,14
SEL_EQ_C4,diagnostic_selector_shadow_score_equal_count,validation,65,0.015056752374334029,10000,-100,10000,65,0,0,49,16,0.0,0.7538461538461538,0.24615384615384617,11,3,0.1875,158.2153846153846,-100.0,10284.0,3.032812808855505,13,65,0,0,49,16,0.0,0.7538461538461538,0.24615384615384617,10,5,0.3125,58.215384615384615,-200.0,3784.0,1.3617936705229945,13
SEL_EQ_C4,diagnostic_selector_shadow_score_equal_count,holdout,58,0.013435255964790364,10000,-100,10000,58,0,0,29,29,0.0,0.5,0.5,26,1,0.034482758620689655,513.2586206896551,-53.5,29769.0,11.240454076367389,7,58,0,0,29,29,0.0,0.5,0.5,26,3,0.10344827586206896,413.2586206896552,-153.5,23969.0,4.924840347142624,7
SEL_EQ_C5,diagnostic_selector_shadow_score_equal_count,train,22,0.005096131572851517,10000,-200,40000,22,0,0,18,4,0.0,0.8181818181818182,0.18181818181818182,4,0,0.0,316.59090909090907,-200.0,6965.0,2.9347222222222222,6,22,0,0,18,4,0.0,0.8181818181818182,0.18181818181818182,4,0,0.0,216.5909090909091,-300.0,4765.0,1.8824074074074073,6
SEL_EQ_C5,diagnostic_selector_shadow_score_equal_count,validation,25,0.0057910586055130876,10000,-200,40000,25,0,0,21,4,0.0,0.84,0.16,4,0,0.0,263.28,-200.0,6582.0,2.567142857142857,13,25,0,0,21,4,0.0,0.84,0.16,3,1,0.25,163.28,-300.0,4082.0,1.6469096671949286,16
SEL_EQ_C5,diagnostic_selector_shadow_score_equal_count,holdout,13,0.0030113504748668055,10000,-200,40000,13,0,0,10,3,0.0,0.7692307692307693,0.23076923076923078,3,0,0.0,515.1538461538462,-200.0,6697.0,4.3485,6,13,0,0,10,3,0.0,0.7692307692307693,0.23076923076923078,3,0,0.0,415.15384615384613,-300.0,5397.0,2.799,6
