rank,tercile,stable,positive_sum_terciles,positive_avg_terciles,target_bps,stop_bps,max_hold_ms,eligible_count,excluded_count,target_count,stop_count,timeout_count,target_rate,stop_rate,timeout_rate,positive_timeout_count,negative_timeout_count,positive_timeout_rate,negative_timeout_rate,avg_pnl_bps,median_pnl_bps,sum_pnl_bps,p10_pnl_bps,p25_pnl_bps,p75_pnl_bps,p90_pnl_bps,min_pnl_bps,max_pnl_bps,positive_result_count,negative_result_count,win_rate,loss_rate,profit_factor,expected_gross_pnl_sol_at_0_25_sol,median_gross_pnl_sol_at_0_25_sol
1,early,True,3,3,10000,-100,90000,1200,0,10,1136,54,0.008333333333333333,0.9466666666666667,0.045,49,5,0.9074074074074074,0.09259259259259259,90.3825,-100.0,108459,-100.0,-100.0,-100.0,-100.0,-100,10000,59,1141,0.049166666666666664,0.9508333333333333,1.9522551076850136,0.0022595625,-0.0025
1,middle,True,3,3,10000,-100,90000,1200,0,7,1160,33,0.005833333333333334,0.9666666666666667,0.0275,26,7,0.7878787878787878,0.21212121212121213,13.781666666666666,-100.0,16538,-100.0,-100.0,-100.0,-100.0,-100,10000,33,1167,0.0275,0.9725,1.141871836664665,0.00034454166666666666,-0.0025
1,late,True,3,3,10000,-100,90000,1200,0,10,1134,56,0.008333333333333333,0.945,0.04666666666666667,53,3,0.9464285714285714,0.05357142857142857,86.695,-100.0,104034,-100.0,-100.0,-100.0,-100.0,-100,10000,63,1137,0.0525,0.9475,1.9158809391754483,0.002167375,-0.0025
2,early,True,3,3,10000,-100,40000,1200,0,8,1106,86,0.006666666666666667,0.9216666666666666,0.07166666666666667,73,13,0.8488372093023255,0.1511627906976744,89.95666666666666,-100.0,107948,-100.0,-100.0,-100.0,-100.0,-100,10000,81,1119,0.0675,0.9325,1.970022644764746,0.0022489166666666664,-0.0025
2,middle,True,3,3,10000,-100,40000,1200,0,5,1134,61,0.004166666666666667,0.945,0.050833333333333335,48,13,0.7868852459016393,0.21311475409836064,26.02,-100.0,31224,-100.0,-100.0,-100.0,-100.0,-100,10000,53,1147,0.04416666666666667,0.9558333333333333,1.2731543448022467,0.0006505,-0.0025
2,late,True,3,3,10000,-100,40000,1200,0,4,1101,95,0.0033333333333333335,0.9175,0.07916666666666666,86,9,0.9052631578947369,0.09473684210526316,73.2475,-100.0,87897,-100.0,-100.0,-100.0,-100.0,-100,10000,90,1110,0.075,0.925,1.794685640923639,0.0018311875000000001,-0.0025
3,early,True,3,3,10000,-100,120000,1200,0,14,1142,44,0.011666666666666667,0.9516666666666667,0.03666666666666667,40,4,0.9090909090909091,0.09090909090909091,86.565,-100.0,103878,-100.0,-100.0,-100.0,-100.0,-100,10000,54,1146,0.045,0.955,1.9075564175818416,0.002164125,-0.0025
3,middle,True,3,3,10000,-100,120000,1200,0,9,1164,27,0.0075,0.97,0.0225,22,5,0.8148148148148148,0.18518518518518517,24.579166666666666,-100.0,29495,-100.0,-100.0,-100.0,-100.0,-100,10000,31,1169,0.025833333333333333,0.9741666666666666,1.252480290358754,0.0006144791666666666,-0.0025
3,late,True,3,3,10000,-100,120000,1200,0,11,1142,47,0.009166666666666667,0.9516666666666667,0.03916666666666667,44,3,0.9361702127659575,0.06382978723404255,76.85333333333334,-100.0,92224,-100.0,-100.0,-100.0,-100.0,-100,10000,55,1145,0.04583333333333333,0.9541666666666667,1.8062313684008078,0.0019213333333333335,-0.0025
4,early,True,3,3,10000,-100,60000,1200,0,9,1120,71,0.0075,0.9333333333333333,0.059166666666666666,64,7,0.9014084507042254,0.09859154929577464,92.00666666666666,-100.0,110408,-100.0,-100.0,-100.0,-100.0,-100,10000,73,1127,0.060833333333333336,0.9391666666666667,1.9819980076846448,0.0023001666666666665,-0.0025
4,middle,True,3,3,10000,-100,60000,1200,0,6,1149,45,0.005,0.9575,0.0375,37,8,0.8222222222222222,0.17777777777777778,17.453333333333333,-100.0,20944,-100.0,-100.0,-100.0,-100.0,-100,10000,43,1157,0.035833333333333335,0.9641666666666666,1.181372591470015,0.00043633333333333333,-0.0025
4,late,True,3,3,10000,-100,60000,1200,0,7,1120,73,0.005833333333333334,0.9333333333333333,0.060833333333333336,69,4,0.9452054794520548,0.0547945205479452,74.035,-100.0,88842,-100.0,-100.0,-100.0,-100.0,-100,10000,76,1124,0.06333333333333334,0.9366666666666666,1.7918252390841274,0.0018508749999999999,-0.0025
5,early,True,3,3,10000,-100,30000,1200,0,5,1088,107,0.004166666666666667,0.9066666666666666,0.08916666666666667,90,17,0.8411214953271028,0.1588785046728972,74.25333333333333,-100.0,89104,-100.0,-100.0,-100.0,-100.0,-100,10000,95,1105,0.07916666666666666,0.9208333333333333,1.81130494955749,0.0018563333333333333,-0.0025
5,middle,True,3,3,10000,-100,30000,1200,0,4,1121,75,0.0033333333333333335,0.9341666666666667,0.0625,62,13,0.8266666666666667,0.17333333333333334,24.120833333333334,-100.0,28945,-100.0,-100.0,-100.0,-100.0,-100,10000,66,1134,0.055,0.945,1.2561255099061153,0.0006030208333333333,-0.0025
5,late,True,3,3,10000,-100,30000,1200,0,4,1087,109,0.0033333333333333335,0.9058333333333334,0.09083333333333334,98,11,0.8990825688073395,0.10091743119266056,84.06416666666667,-100.0,100877,-100.0,-100.0,-100.0,-100.0,-100,10000,102,1098,0.085,0.915,1.9222618394587676,0.0021016041666666666,-0.0025
6,early,True,3,3,7500,-100,40000,1200,0,13,1104,83,0.010833333333333334,0.92,0.06916666666666667,70,13,0.8433734939759037,0.1566265060240964,83.90166666666667,-100.0,100682,-100.0,-100.0,-100.0,-100.0,-100,7500,83,1117,0.06916666666666667,0.9308333333333333,1.9063591516329985,0.002097541666666667,-0.0025
6,middle,True,3,3,7500,-100,40000,1200,0,7,1133,60,0.005833333333333334,0.9441666666666667,0.05,47,13,0.7833333333333333,0.21666666666666667,23.278333333333332,-100.0,27934,-100.0,-100.0,-100.0,-100.0,-100,7500,54,1146,0.045,0.955,1.2445866788081499,0.0005819583333333333,-0.0025
6,late,True,3,3,7500,-100,40000,1200,0,10,1100,90,0.008333333333333333,0.9166666666666666,0.075,81,9,0.9,0.1,73.45583333333333,-100.0,88147,-100.0,-100.0,-100.0,-100.0,-100,7500,91,1109,0.07583333333333334,0.9241666666666667,1.7976670949993665,0.0018363958333333333,-0.0025
7,early,True,3,3,10000,-100,20000,1200,0,4,1069,127,0.0033333333333333335,0.8908333333333334,0.10583333333333333,102,25,0.8031496062992126,0.1968503937007874,63.40833333333333,-100.0,76090,-100.0,-100.0,-100.0,-54.49999999999932,-100,10000,106,1094,0.08833333333333333,0.9116666666666666,1.7038006530204508,0.0015852083333333332,-0.0025
7,middle,True,3,3,10000,-100,20000,1200,0,3,1099,98,0.0025,0.9158333333333334,0.08166666666666667,79,19,0.8061224489795918,0.19387755102040816,39.7625,-100.0,47715,-100.0,-100.0,-100.0,-100.0,-100,10000,82,1118,0.06833333333333333,0.9316666666666666,1.4290840092804087,0.0009940625000000002,-0.0025
7,late,True,3,3,10000,-100,20000,1200,0,3,1062,135,0.0025,0.885,0.1125,117,17,0.8666666666666667,0.1259259259259259,75.53583333333333,-100.0,90643,-100.0,-100.0,-100.0,0.20000000000027285,-100,10000,120,1079,0.1,0.8991666666666667,1.845290162543247,0.0018883958333333333,-0.0025
8,early,True,3,3,6000,-100,120000,1200,0,28,1133,39,0.023333333333333334,0.9441666666666667,0.0325,35,4,0.8974358974358975,0.10256410256410256,84.64583333333333,-100.0,101575,-100.0,-100.0,-100.0,-100.0,-100,6000,63,1137,0.0525,0.9475,1.8944689544641993,0.002116145833333333,-0.0025
8,middle,True,3,3,6000,-100,120000,1200,0,18,1159,23,0.015,0.9658333333333333,0.019166666666666665,18,5,0.782608695652174,0.21739130434782608,19.734166666666667,-100.0,23681,-100.0,-100.0,-100.0,-100.0,-100,6000,36,1164,0.03,0.97,1.2035831879024423,0.0004933541666666667,-0.0025
8,late,True,3,3,6000,-100,120000,1200,0,24,1137,39,0.02,0.9475,0.0325,36,3,0.9230769230769231,0.07692307692307693,73.655,-100.0,88386,-100.0,-100.0,-100.0,-100.0,-100,6000,60,1140,0.05,0.95,1.776071437979085,0.0018413750000000001,-0.0025
9,early,True,3,3,7500,-100,90000,1200,0,17,1134,49,0.014166666666666666,0.945,0.04083333333333333,44,5,0.8979591836734694,0.10204081632653061,83.85,-100.0,100620,-100.0,-100.0,-100.0,-100.0,-100,7500,61,1139,0.050833333333333335,0.9491666666666667,1.8849837726589092,0.00209625,-0.0025
9,middle,True,3,3,7500,-100,90000,1200,0,11,1158,31,0.009166666666666667,0.965,0.025833333333333333,24,7,0.7741935483870968,0.22580645161290322,13.358333333333333,-100.0,16030,-100.0,-100.0,-100.0,-100.0,-100,7500,35,1165,0.029166666666666667,0.9708333333333333,1.1377502792816019,0.0003339583333333333,-0.0025
9,late,True,3,3,7500,-100,90000,1200,0,16,1133,51,0.013333333333333334,0.9441666666666667,0.0425,48,3,0.9411764705882353,0.058823529411764705,80.40333333333334,-100.0,96484,-100.0,-100.0,-100.0,-100.0,-100,7500,64,1136,0.05333333333333334,0.9466666666666667,1.850161689679176,0.0020100833333333333,-0.0025
10,early,True,3,3,7500,-100,30000,1200,0,9,1087,104,0.0075,0.9058333333333334,0.08666666666666667,87,17,0.8365384615384616,0.16346153846153846,73.02833333333334,-100.0,87634,-100.0,-100.0,-100.0,-100.0,-100,7500,96,1104,0.08,0.92,1.7986475648877223,0.0018257083333333335,-0.0025
10,middle,True,3,3,7500,-100,30000,1200,0,5,1120,75,0.004166666666666667,0.9333333333333333,0.0625,62,13,0.8266666666666667,0.17333333333333334,22.120833333333334,-100.0,26545,-100.0,-100.0,-100.0,-100.0,-100,7500,67,1133,0.05583333333333333,0.9441666666666667,1.2350966690579306,0.0005530208333333333,-0.0025
10,late,True,3,3,7500,-100,30000,1200,0,8,1087,105,0.006666666666666667,0.9058333333333334,0.0875,94,11,0.8952380952380953,0.10476190476190476,81.59083333333334,-100.0,97909,-100.0,-100.0,-100.0,-100.0,-100,7500,102,1098,0.085,0.915,1.8951270799049187,0.0020397708333333335,-0.0025
11,early,True,3,3,10000,-200,120000,1200,0,18,668,514,0.015,0.5566666666666666,0.42833333333333334,64,450,0.1245136186770428,0.8754863813229572,89.26916666666666,-200.0,107123,-200.0,-200.0,-102.0,-102.0,-200,10000,82,1118,0.06833333333333333,0.9316666666666666,1.5832521166253777,0.0022317291666666666,-0.005
11,middle,True,3,3,10000,-200,120000,1200,0,14,716,470,0.011666666666666667,0.5966666666666667,0.39166666666666666,43,427,0.09148936170212765,0.9085106382978724,31.1875,-200.0,37425,-200.0,-200.0,-102.0,-102.0,-200,10000,57,1143,0.0475,0.9525,1.1963721652621968,0.0007796875,-0.005
11,late,True,3,3,10000,-200,120000,1200,0,13,732,455,0.010833333333333334,0.61,0.37916666666666665,64,391,0.14065934065934066,0.8593406593406593,55.9,-200.0,67080,-200.0,-200.0,-102.0,-102.0,-200,10000,77,1123,0.06416666666666666,0.9358333333333333,1.3522128819183736,0.0013974999999999999,-0.005
12,early,True,3,3,7500,-100,60000,1200,0,15,1118,67,0.0125,0.9316666666666666,0.05583333333333333,60,7,0.8955223880597015,0.1044776119402985,84.35916666666667,-100.0,101231,-100.0,-100.0,-100.0,-100.0,-100,7500,75,1125,0.0625,0.9375,1.9019798275001782,0.0021089791666666666,-0.0025
12,middle,True,3,3,7500,-100,60000,1200,0,8,1148,44,0.006666666666666667,0.9566666666666667,0.03666666666666667,36,8,0.8181818181818182,0.18181818181818182,13.894166666666667,-100.0,16673,-100.0,-100.0,-100.0,-100.0,-100,7500,44,1156,0.03666666666666667,0.9633333333333334,1.1445113759479957,0.00034735416666666666,-0.0025
12,late,True,3,3,7500,-100,60000,1200,0,14,1119,67,0.011666666666666667,0.9325,0.05583333333333333,63,4,0.9402985074626866,0.05970149253731343,75.5475,-100.0,90657,-100.0,-100.0,-100.0,-100.0,-100,7500,77,1123,0.06416666666666666,0.9358333333333333,1.8087226469460032,0.0018886875,-0.0025
13,early,True,3,3,6000,-100,90000,1200,0,25,1129,46,0.020833333333333332,0.9408333333333333,0.03833333333333333,41,5,0.8913043478260869,0.10869565217391304,87.55333333333333,-100.0,105064,-100.0,-100.0,-100.0,-100.0,-100,6000,66,1134,0.055,0.945,1.9281518061432723,0.002188833333333333,-0.0025
13,middle,True,3,3,6000,-100,90000,1200,0,15,1156,29,0.0125,0.9633333333333334,0.024166666666666666,22,7,0.7586206896551724,0.2413793103448276,12.06,-100.0,14472,-100.0,-100.0,-100.0,-100.0,-100,6000,37,1163,0.030833333333333334,0.9691666666666666,1.1245760523370922,0.0003015,-0.0025
13,late,True,3,3,6000,-100,90000,1200,0,21,1131,48,0.0175,0.9425,0.04,45,3,0.9375,0.0625,72.54666666666667,-100.0,87056,-100.0,-100.0,-100.0,-100.0,-100,6000,66,1134,0.055,0.945,1.768441772811129,0.0018136666666666668,-0.0025
14,early,True,3,3,6000,-100,30000,1200,0,14,1085,101,0.011666666666666667,0.9041666666666667,0.08416666666666667,84,17,0.8316831683168316,0.16831683168316833,73.4075,-100.0,88089,-100.0,-100.0,-100.0,-100.0,-100,6000,98,1102,0.08166666666666667,0.9183333333333333,1.804260097874516,0.0018351875,-0.0025
14,middle,True,3,3,6000,-100,30000,1200,0,7,1120,73,0.005833333333333334,0.9333333333333333,0.060833333333333336,60,13,0.821917808219178,0.1780821917808219,21.9275,-100.0,26313,-100.0,-100.0,-100.0,-100.0,-100,6000,67,1133,0.05583333333333333,0.9441666666666667,1.2330419533969232,0.0005481875,-0.0025
14,late,True,3,3,6000,-100,30000,1200,0,13,1086,101,0.010833333333333334,0.905,0.08416666666666667,90,11,0.8910891089108911,0.10891089108910891,74.92333333333333,-100.0,89908,-100.0,-100.0,-100.0,-100.0,-100,6000,103,1097,0.08583333333333333,0.9141666666666667,1.8227306002928259,0.0018730833333333334,-0.0025
15,early,True,3,3,7500,-100,120000,1200,0,21,1139,40,0.0175,0.9491666666666667,0.03333333333333333,36,4,0.9,0.1,79.59083333333334,-100.0,95509,-100.0,-100.0,-100.0,-100.0,-100,7500,57,1143,0.0475,0.9525,1.8366313650259725,0.0019897708333333334,-0.0025
15,middle,True,3,3,7500,-100,120000,1200,0,13,1162,25,0.010833333333333334,0.9683333333333334,0.020833333333333332,20,5,0.8,0.2,19.589166666666667,-100.0,23507,-100.0,-100.0,-100.0,-100.0,-100,7500,33,1167,0.0275,0.9725,1.2015674706956723,0.0004897291666666666,-0.0025
15,late,True,3,3,7500,-100,120000,1200,0,17,1141,42,0.014166666666666666,0.9508333333333333,0.035,39,3,0.9285714285714286,0.07142857142857142,70.8725,-100.0,85047,-100.0,-100.0,-100.0,-100.0,-100,7500,56,1144,0.04666666666666667,0.9533333333333334,1.7441398559791406,0.0017718125,-0.0025
16,early,True,3,3,6000,-100,40000,1200,0,20,1102,78,0.016666666666666666,0.9183333333333333,0.065,65,13,0.8333333333333334,0.16666666666666666,80.00416666666666,-100.0,96005,-100.0,-100.0,-100.0,-100.0,-100,6000,85,1115,0.07083333333333333,0.9291666666666667,1.8658147252985102,0.0020001041666666665,-0.0025
16,middle,True,3,3,6000,-100,40000,1200,0,10,1132,58,0.008333333333333333,0.9433333333333334,0.04833333333333333,45,13,0.7758620689655172,0.22413793103448276,22.549166666666668,-100.0,27059,-100.0,-100.0,-100.0,-100.0,-100,6000,55,1145,0.04583333333333333,0.9541666666666667,1.2371329167725595,0.0005637291666666667,-0.0025
16,late,True,3,3,6000,-100,40000,1200,0,16,1099,85,0.013333333333333334,0.9158333333333334,0.07083333333333333,76,9,0.8941176470588236,0.10588235294117647,66.31166666666667,-100.0,79574,-100.0,-100.0,-100.0,-100.0,-100,6000,92,1108,0.07666666666666666,0.9233333333333333,1.720739814865134,0.0016577916666666668,-0.0025
17,early,True,3,3,6000,-100,60000,1200,0,22,1115,63,0.018333333333333333,0.9291666666666667,0.0525,56,7,0.8888888888888888,0.1111111111111111,89.025,-100.0,106830,-100.0,-100.0,-100.0,-100.0,-100,6000,78,1122,0.065,0.935,1.954418754243648,0.002225625,-0.0025
17,middle,True,3,3,6000,-100,60000,1200,0,13,1147,40,0.010833333333333334,0.9558333333333333,0.03333333333333333,32,8,0.8,0.2,10.069166666666666,-100.0,12083,-100.0,-100.0,-100.0,-100.0,-100,6000,45,1155,0.0375,0.9625,1.1048189112990674,0.00025172916666666665,-0.0025
17,late,True,3,3,6000,-100,60000,1200,0,18,1117,65,0.015,0.9308333333333333,0.05416666666666667,61,4,0.9384615384615385,0.06153846153846154,68.005,-100.0,81606,-100.0,-100.0,-100.0,-100.0,-100,6000,79,1121,0.06583333333333333,0.9341666666666667,1.7292826566814716,0.0017001249999999998,-0.0025
18,early,True,3,3,10000,-200,90000,1200,0,12,654,534,0.01,0.545,0.445,74,460,0.13857677902621723,0.8614232209737828,80.13416666666667,-200.0,96161,-200.0,-200.0,-102.0,-102.0,-200,10000,86,1114,0.07166666666666667,0.9283333333333333,1.5293227205671884,0.0020033541666666667,-0.005
18,middle,True,3,3,10000,-200,90000,1200,0,12,705,483,0.01,0.5875,0.4025,50,433,0.10351966873706005,0.8964803312629399,21.2125,-200.0,25455,-200.0,-200.0,-102.0,-102.0,-200,10000,62,1138,0.051666666666666666,0.9483333333333334,1.1346298274749569,0.0005303125,-0.005
18,late,True,3,3,10000,-200,90000,1200,0,12,711,477,0.01,0.5925,0.3975,74,403,0.15513626834381553,0.8448637316561844,64.60083333333333,-200.0,77521,-200.0,-200.0,-102.0,-102.0,-200,10000,86,1114,0.07166666666666667,0.9283333333333333,1.4133196841493518,0.0016150208333333331,-0.005
19,early,True,3,3,10000,-100,15000,1200,0,2,1048,150,0.0016666666666666668,0.8733333333333333,0.125,111,29,0.74,0.19333333333333333,47.575,-100.0,57090,-100.0,-100.0,-100.0,0.0,-100,10000,113,1077,0.09416666666666666,0.8975,1.5367821279476475,0.0011893750000000001,-0.0025
19,middle,True,3,3,10000,-100,15000,1200,0,2,1072,126,0.0016666666666666668,0.8933333333333333,0.105,92,26,0.7301587301587301,0.20634920634920634,30.508333333333333,-100.0,36610,-100.0,-100.0,-100.0,-84.69999999999959,-100,10000,94,1098,0.07833333333333334,0.915,1.3358007026040377,0.0007627083333333333,-0.0025
19,late,True,3,3,10000,-100,15000,1200,0,3,1033,164,0.0025,0.8608333333333333,0.13666666666666666,136,22,0.8292682926829268,0.13414634146341464,85.22833333333334,-100.0,102274,-100.0,-100.0,-100.0,86.80000000000518,-100,10000,139,1055,0.11583333333333333,0.8791666666666667,1.9764466636751605,0.0021307083333333334,-0.0025
20,early,True,3,3,7500,-100,20000,1200,0,7,1068,125,0.005833333333333334,0.89,0.10416666666666667,100,25,0.8,0.2,62.49666666666667,-100.0,74996,-100.0,-100.0,-100.0,-49.19999999999891,-100,7500,107,1093,0.08916666666666667,0.9108333333333334,1.694323831390666,0.0015624166666666668,-0.0025
20,middle,True,3,3,7500,-100,20000,1200,0,5,1099,96,0.004166666666666667,0.9158333333333334,0.08,77,19,0.8020833333333334,0.19791666666666666,30.871666666666666,-100.0,37046,-100.0,-100.0,-100.0,-100.0,-100,7500,82,1118,0.06833333333333333,0.9316666666666666,1.3331414902609666,0.0007717916666666666,-0.0025
20,late,True,3,3,7500,-100,20000,1200,0,4,1062,134,0.0033333333333333335,0.885,0.11166666666666666,116,17,0.8656716417910447,0.12686567164179105,69.56416666666667,-100.0,83477,-100.0,-100.0,-100.0,0.20000000000027285,-100,7500,120,1079,0.1,0.8991666666666667,1.7784637191909207,0.0017391041666666666,-0.0025
