rank,target_bps,stop_bps,max_hold_ms,roundtrip_cost_bps,eligible_count,avg_pnl_bps_after_cost,median_pnl_bps_after_cost,sum_pnl_bps_after_cost,profit_factor_after_cost,expected_pnl_sol_at_0_25_sol_after_cost,median_pnl_sol_at_0_25_sol_after_cost
1,10000,-100,90000,0,3600,63.61972222222222,-100.0,229031,1.6656794242797683,0.0015904930555555555,-0.0025
1,10000,-100,90000,50,3600,13.619722222222222,-150.0,49031,1.0949524956717418,0.0003404930555555556,-0.00375
1,10000,-100,90000,100,3600,-36.38027777777778,-200.0,-130969,0.8098837403413321,-0.0009095069444444444,-0.005
1,10000,-100,90000,150,3600,-86.38027777777778,-250.0,-310969,0.6390662141583717,-0.0021595069444444444,-0.00625
1,10000,-100,90000,200,3600,-136.3802777777778,-300.0,-490969,0.52534351927314,-0.0034095069444444446,-0.0075
2,10000,-100,40000,0,3600,63.07472222222222,-100.0,227069,1.6754005812033945,0.0015768680555555555,-0.0025
2,10000,-100,40000,50,3600,13.074722222222222,-150.0,47069,1.0931745748955797,0.00032686805555555556,-0.00375
2,10000,-100,40000,100,3600,-36.92527777777778,-200.0,-132931,0.8028978673748234,-0.0009231319444444445,-0.005
2,10000,-100,40000,150,3600,-86.92527777777778,-250.0,-312931,0.6291979192587063,-0.0021731319444444445,-0.00625
2,10000,-100,40000,200,3600,-136.92527777777778,-300.0,-492931,0.5137078602913031,-0.0034231319444444444,-0.0075
3,10000,-100,120000,0,3600,62.66583333333333,-100.0,225597,1.6526387960737006,0.0015666458333333333,-0.0025
3,10000,-100,120000,50,3600,12.665833333333333,-150.0,45597,1.0879024064866991,0.00031664583333333333,-0.00375
3,10000,-100,120000,100,3600,-37.33416666666667,-200.0,-134403,0.8057611348846082,-0.0009333541666666668,-0.005
3,10000,-100,120000,150,3600,-87.33416666666666,-250.0,-314403,0.636666936313314,-0.0021833541666666663,-0.00625
3,10000,-100,120000,200,3600,-137.33416666666668,-300.0,-494403,0.5240766285885358,-0.003433354166666667,-0.0075
4,10000,-100,60000,0,3600,61.165,-100.0,220194,1.6474275666997935,0.0015291249999999999,-0.0025
4,10000,-100,60000,50,3600,11.165,-150.0,40194,1.078714837415888,0.00027912499999999997,-0.00375
4,10000,-100,60000,100,3600,-38.835,-200.0,-139806,0.7948154225255992,-0.0009708750000000001,-0.005
4,10000,-100,60000,150,3600,-88.835,-250.0,-319806,0.6248037823949694,-0.0022208749999999998,-0.00625
4,10000,-100,60000,200,3600,-138.835,-300.0,-499806,0.5116874133519355,-0.003470875,-0.0075
5,10000,-100,30000,0,3600,60.812777777777775,-100.0,218926,1.6589809733940564,0.0015203194444444444,-0.0025
5,10000,-100,30000,50,3600,10.812777777777777,-150.0,38926,1.0779617701724027,0.00027031944444444445,-0.00375
5,10000,-100,30000,100,3600,-39.187222222222225,-200.0,-141074,0.7884284580925658,-0.0009796805555555557,-0.005
5,10000,-100,30000,150,3600,-89.18722222222222,-250.0,-321074,0.6152821213319434,-0.0022296805555555555,-0.00625
5,10000,-100,30000,200,3600,-139.18722222222223,-300.0,-501074,0.5002308971275998,-0.0034796805555555557,-0.0075
6,7500,-100,40000,0,3600,60.21194444444444,-100.0,216763,1.6455141319658486,0.0015052986111111111,-0.0025
6,7500,-100,40000,50,3600,10.211944444444445,-150.0,36763,1.0728600590601898,0.0002552986111111111,-0.00375
6,7500,-100,40000,100,3600,-39.78805555555556,-200.0,-143237,0.7873645207214082,-0.000994701388888889,-0.005
6,7500,-100,40000,150,3600,-89.78805555555556,-250.0,-323237,0.6165316218428577,-0.002244701388888889,-0.00625
6,7500,-100,40000,200,3600,-139.78805555555556,-300.0,-503237,0.502952238723416,-0.0034947013888888888,-0.0075
7,10000,-100,20000,0,3600,59.568888888888885,-100.0,214448,1.656712030084398,0.001489222222222222,-0.0025
7,10000,-100,20000,50,3600,9.568888888888889,-150.0,34448,1.0700906246057809,0.0002392222222222222,-0.00375
7,10000,-100,20000,100,3600,-40.431111111111115,-200.0,-145552,0.7785189964332234,-0.0010107777777777778,-0.005
7,10000,-100,20000,150,3600,-90.43111111111111,-250.0,-325552,0.6047226579764061,-0.002260777777777778,-0.00625
7,10000,-100,20000,200,3600,-140.4311111111111,-300.0,-505552,0.48962444058799715,-0.0035107777777777776,-0.0075
8,6000,-100,120000,0,3600,59.345,-100.0,213642,1.6214696496775451,0.001483625,-0.0025
8,6000,-100,120000,50,3600,9.345,-150.0,33642,1.0652137250834992,0.00023362500000000003,-0.00375
8,6000,-100,120000,100,3600,-40.655,-200.0,-146358,0.7873157915387264,-0.0010163750000000001,-0.005
8,6000,-100,120000,150,3600,-90.655,-250.0,-326358,0.6207697134490693,-0.002266375,-0.00625
8,6000,-100,120000,200,3600,-140.655,-300.0,-506358,0.5098792115989388,-0.003516375,-0.0075
9,7500,-100,90000,0,3600,59.20388888888889,-100.0,213134,1.620376299642562,0.0014800972222222223,-0.0025
9,7500,-100,90000,50,3600,9.203888888888889,-150.0,33134,1.06426000341334,0.00023009722222222222,-0.00375
9,7500,-100,90000,100,3600,-40.79611111111111,-200.0,-146866,0.7864975308516345,-0.0010199027777777778,-0.005
9,7500,-100,90000,150,3600,-90.79611111111112,-250.0,-326866,0.6200637438714521,-0.002269902777777778,-0.00625
9,7500,-100,90000,200,3600,-140.79611111111112,-300.0,-506866,0.5092630512931481,-0.003519902777777778,-0.0075
10,7500,-100,30000,0,3600,58.913333333333334,-100.0,212088,1.6387827202660088,0.0014728333333333334,-0.0025
10,7500,-100,30000,50,3600,8.913333333333334,-150.0,32088,1.0643051246903783,0.00022283333333333335,-0.00375
10,7500,-100,30000,100,3600,-41.086666666666666,-200.0,-147912,0.7780402196308174,-0.0010271666666666667,-0.005
10,7500,-100,30000,150,3600,-91.08666666666667,-250.0,-327912,0.6068531418226288,-0.002277166666666667,-0.00625
10,7500,-100,30000,200,3600,-141.08666666666667,-300.0,-507912,0.4931073610968343,-0.0035271666666666667,-0.0075
11,10000,-200,120000,0,3600,58.785555555555554,-200.0,211628,1.3747618204356296,0.0014696388888888888,-0.005
11,10000,-200,120000,50,3600,8.785555555555556,-250.0,31628,1.043079177807168,0.0002196388888888889,-0.00625
11,10000,-200,120000,100,3600,-41.214444444444446,-300.0,-148372,0.83587295231121,-0.0010303611111111112,-0.0075
11,10000,-200,120000,150,3600,-91.21444444444444,-350.0,-328372,0.6942600910221746,-0.002280361111111111,-0.00875
11,10000,-200,120000,200,3600,-141.21444444444444,-400.0,-508372,0.5914370650642574,-0.003530361111111111,-0.01
12,7500,-100,60000,0,3600,57.93361111111111,-100.0,208561,1.6139455882439522,0.0014483402777777778,-0.0025
12,7500,-100,60000,50,3600,7.933611111111111,-150.0,28561,1.0559988863356522,0.00019834027777777778,-0.00375
12,7500,-100,60000,100,3600,-42.06638888888889,-200.0,-151439,0.7774811297050841,-0.0010516597222222223,-0.005
12,7500,-100,60000,150,3600,-92.0663888888889,-250.0,-331439,0.6106992259534633,-0.0023016597222222223,-0.00625
12,7500,-100,60000,200,3600,-142.0663888888889,-300.0,-511439,0.49973541014362194,-0.0035516597222222225,-0.0075
13,6000,-100,90000,0,3600,57.38666666666666,-100.0,206592,1.6029137093761674,0.0014346666666666666,-0.0025
13,6000,-100,90000,50,3600,7.386666666666667,-150.0,26592,1.0517078444564572,0.00018466666666666666,-0.00375
13,6000,-100,90000,100,3600,-42.61333333333334,-200.0,-153408,0.77640218688829,-0.0010653333333333335,-0.005
13,6000,-100,90000,150,3600,-92.61333333333333,-250.0,-333408,0.6114433821095764,-0.0023153333333333333,-0.00625
13,6000,-100,90000,200,3600,-142.61333333333334,-300.0,-513408,0.5016264353255346,-0.0035653333333333335,-0.0075
14,6000,-100,30000,0,3600,56.75277777777778,-100.0,204310,1.6159128660100868,0.0014188194444444446,-0.0025
14,6000,-100,30000,50,3600,6.752777777777778,-150.0,24310,1.0487617993124005,0.00016881944444444445,-0.00375
14,6000,-100,30000,100,3600,-43.24722222222222,-200.0,-155690,0.7661578483337864,-0.0010811805555555555,-0.005
14,6000,-100,30000,150,3600,-93.24722222222222,-250.0,-335690,0.5971655546488743,-0.0023311805555555555,-0.00625
14,6000,-100,30000,200,3600,-143.24722222222223,-300.0,-515690,0.4848786939219102,-0.0035811805555555558,-0.0075
15,7500,-100,120000,0,3600,56.68416666666667,-100.0,204063,1.591368682785182,0.0014171041666666668,-0.0025
15,7500,-100,120000,50,3600,6.684166666666667,-150.0,24063,1.0464695465438962,0.00016710416666666666,-0.00375
15,7500,-100,120000,100,3600,-43.31583333333333,-200.0,-155937,0.7742487480944543,-0.0010828958333333333,-0.005
15,7500,-100,120000,150,3600,-93.31583333333333,-250.0,-335937,0.6111075095794312,-0.002332895833333333,-0.00625
15,7500,-100,120000,200,3600,-143.31583333333333,-300.0,-515937,0.5024854656909306,-0.0035828958333333333,-0.0075
16,6000,-100,40000,0,3600,56.288333333333334,-100.0,202638,1.60416995876553,0.0014072083333333334,-0.0025
16,6000,-100,40000,50,3600,6.288333333333333,-150.0,22638,1.0449193404369308,0.00015720833333333334,-0.00375
16,6000,-100,40000,100,3600,-43.711666666666666,-200.0,-157362,0.7661181849123178,-0.0010927916666666666,-0.005
16,6000,-100,40000,150,3600,-93.71166666666667,-250.0,-337362,0.5992992291520672,-0.0023427916666666666,-0.00625
16,6000,-100,40000,200,3600,-143.71166666666667,-300.0,-517362,0.488394584139265,-0.003592791666666667,-0.0075
17,6000,-100,60000,0,3600,55.69972222222222,-100.0,200519,1.5913165794766237,0.0013924930555555555,-0.0025
17,6000,-100,60000,50,3600,5.699722222222222,-150.0,20519,1.0403022422652064,0.00014249305555555556,-0.00375
17,6000,-100,60000,100,3600,-44.30027777777778,-200.0,-159481,0.7652505935672471,-0.0011075069444444444,-0.005
17,6000,-100,60000,150,3600,-94.30027777777778,-250.0,-339481,0.6005494958052408,-0.0023575069444444446,-0.00625
17,6000,-100,60000,200,3600,-144.30027777777778,-300.0,-519481,0.4909728897629385,-0.0036075069444444444,-0.0075
18,10000,-200,90000,0,3600,55.31583333333333,-200.0,199137,1.3566852170611088,0.0013828958333333332,-0.005
18,10000,-200,90000,50,3600,5.315833333333333,-250.0,19137,1.0263321926431677,0.00013289583333333334,-0.00625
18,10000,-200,90000,100,3600,-44.68416666666667,-300.0,-160863,0.8203709762609586,-0.0011171041666666666,-0.0075
18,10000,-200,90000,150,3600,-94.68416666666667,-350.0,-340863,0.6797950240250255,-0.0023671041666666667,-0.00875
18,10000,-200,90000,200,3600,-144.68416666666667,-400.0,-520863,0.5778589143014604,-0.003617104166666667,-0.01
19,10000,-100,15000,0,3600,54.437222222222225,-100.0,195974,1.6121891790578533,0.0013609305555555555,-0.0025
19,10000,-100,15000,50,3600,4.437222222222222,-150.0,15974,1.033043661735837,0.00011093055555555555,-0.00375
19,10000,-100,15000,100,3600,-45.562777777777775,-200.0,-164026,0.746755432315678,-0.0011390694444444443,-0.005
19,10000,-100,15000,150,3600,-95.56277777777778,-250.0,-344026,0.5767105017077948,-0.0023890694444444445,-0.00625
19,10000,-100,15000,200,3600,-145.56277777777777,-300.0,-524026,0.46445113052436215,-0.0036390694444444443,-0.0075
20,7500,-100,20000,0,3600,54.310833333333335,-100.0,195519,1.5989284664019998,0.0013577708333333334,-0.0025
20,7500,-100,20000,50,3600,4.310833333333333,-150.0,15519,1.0315858245408362,0.00010777083333333332,-0.00375
20,7500,-100,20000,100,3600,-45.689166666666665,-200.0,-164481,0.749639256228538,-0.0011422291666666666,-0.005
20,7500,-100,20000,150,3600,-95.68916666666667,-250.0,-344481,0.5816125263252502,-0.0023922291666666666,-0.00625
20,7500,-100,20000,200,3600,-145.68916666666667,-300.0,-524481,0.47035442600800403,-0.0036422291666666664,-0.0075
