view,mask_name,target_bps,stop_bps,max_hold_ms,bucket_dimension,bucket_value,total_actions,beneficial_exit_count,harmful_exit_count,neutral_exit_count,exit_action_precision,exit_action_precision_wilson95_lower,saved_stop_count,timeout_improved_count,target_cut_count,target_cut_damage_bps,gross_saved_damage_bps,target_cut_damage_ratio,delta_sum_bps,delta_avg_bps,delta_median_bps,max_consecutive_harmful_actions
canonical,M0_ALL,6000,-6000,120000,candidate_class,heartbeat_only_candidate,7,3,3,1,0.5,0.1876163064826505,0,3,0,0,9652,0.0,6166,880.8571428571429,0.0,1
canonical,M0_ALL,6000,-6000,120000,candidate_class,no_progress_with_volume_candidate,372,184,147,41,0.5558912386706949,0.5020269995243489,24,160,47,239662,414582,0.5780810551350517,7059,18.975806451612904,0.0,5
canonical,M0_ALL,6000,-6000,120000,candidate_class,weak_no_progress_candidate,4239,1380,431,2428,0.7620099392600773,0.7418550597609621,74,1306,82,487717,1365879,0.35707189289827285,412834,97.38947865062515,0.0,3
canonical,M0_ALL,6000,-6000,120000,candidate_age_ms_bucket,000000-015000ms,4278,1403,452,2423,0.75633423180593,0.7362817446237345,65,1338,89,549857,1410599,0.3898039060002169,372137,86.98854604955586,0.0,3
canonical,M0_ALL,6000,-6000,120000,candidate_age_ms_bucket,015001-030000ms,227,111,70,46,0.6132596685082873,0.5406594215876114,18,93,20,96769,237638,0.40721180955907726,69017,304.0396475770925,0.0,3
canonical,M0_ALL,6000,-6000,120000,candidate_age_ms_bucket,030001-060000ms,100,48,51,1,0.48484848484848486,0.38882226793653446,14,34,19,77715,135186,0.5748746171940882,-6037,-60.37,-9.5,6
canonical,M0_ALL,6000,-6000,120000,candidate_age_ms_bucket,060001-120000ms,13,5,8,0,0.38461538461538464,0.17709707797762572,1,4,1,3038,6690,0.4541106128550075,-9058,-696.7692307692307,-414.0,6
canonical,M0_ALL,6000,-6000,120000,candidate_pnl_bps_bucket,-2999..-1000bps,284,170,74,40,0.6967213114754098,0.6363626268595249,30,140,21,161549,314091,0.5143382013492905,33365,117.48239436619718,308.5,5
canonical,M0_ALL,6000,-6000,120000,candidate_pnl_bps_bucket,-5999..-3000bps,104,74,20,10,0.7872340425531915,0.6940820730069563,24,50,4,38923,58190,0.6688949991407458,-3222,-30.98076923076923,155.0,3
canonical,M0_ALL,6000,-6000,120000,candidate_pnl_bps_bucket,-999..0bps,3857,1139,308,2410,0.7871458189357291,0.765309463429086,25,1114,38,236969,834878,0.2838366803293415,294349,76.3155302048224,0.0,3
canonical,M0_ALL,6000,-6000,120000,candidate_pnl_bps_bucket,1..300bps,126,65,57,4,0.5327868852459017,0.44460958924920835,2,63,12,70875,171599,0.41302688244103986,25180,199.84126984126985,50.0,4
canonical,M0_ALL,6000,-6000,120000,candidate_pnl_bps_bucket,1001..3000bps,110,52,56,2,0.48148148148148145,0.38951373394028815,5,47,29,118469,167718,0.7063582918947281,6190,56.27272727272727,-109.0,7
canonical,M0_ALL,6000,-6000,120000,candidate_pnl_bps_bucket,301..1000bps,117,61,53,3,0.5350877192982456,0.44388388545852037,11,50,14,75120,225745,0.33276484529003963,77855,665.4273504273505,397.0,8
canonical,M0_ALL,6000,-6000,120000,candidate_pnl_bps_bucket,>3000bps,20,6,13,1,0.3157894736842105,0.1536437908779228,1,5,11,25474,17892,1.4237648110887549,-7658,-382.9,-1695.5,5
canonical,M0_ALL,6000,-6000,120000,candidate_window_count_before_action_bucket,3,4618,1567,581,2470,0.7295158286778398,0.7103330535808028,98,1469,129,727379,1790113,0.40633133215612643,426059,92.26050238198354,0.0,4
canonical,M0_ALL,6000,-6000,120000,pre_entry_overextension_buckets,missing evidence: field unavailable,4618,1567,581,2470,0.7295158286778398,0.7103330535808028,98,1469,129,727379,1790113,0.40633133215612643,426059,92.26050238198354,0.0,4
canonical,M0_ALL,6000,-6000,120000,pre_entry_organicity_buckets,missing evidence: field unavailable,4618,1567,581,2470,0.7295158286778398,0.7103330535808028,98,1469,129,727379,1790113,0.40633133215612643,426059,92.26050238198354,0.0,4
canonical,M0_ALL,6000,-6000,120000,execution_toxicity_buckets,missing evidence: field unavailable,4618,1567,581,2470,0.7295158286778398,0.7103330535808028,98,1469,129,727379,1790113,0.40633133215612643,426059,92.26050238198354,0.0,4
canonical,M0_ALL,6000,-6000,120000,chronological_tercile,holdout,1540,478,156,906,0.7539432176656151,0.7189532893322834,26,452,37,223603,476030,0.4697245971892528,98635,64.0487012987013,0.0,2
canonical,M0_ALL,6000,-6000,120000,chronological_tercile,train,1550,553,216,781,0.7191157347204161,0.686321997493627,35,518,38,220836,700192,0.3153934920707463,233258,150.48903225806453,0.0,4
canonical,M0_ALL,6000,-6000,120000,chronological_tercile,validation,1528,536,209,783,0.7194630872483222,0.686140072784427,37,499,54,282940,613891,0.46089615257431693,94166,61.62696335078534,0.0,3
canonical,M1_NEGATIVE_OR_FLAT_ONLY,6000,-6000,120000,candidate_class,heartbeat_only_candidate,3,1,1,1,0.5,0.09453120573423071,0,1,0,0,1,0.0,-1703,-567.6666666666666,0.0,1
canonical,M1_NEGATIVE_OR_FLAT_ONLY,6000,-6000,120000,candidate_class,no_progress_with_volume_candidate,237,127,72,38,0.6381909547738693,0.569394190727381,15,112,17,113996,190827,0.5973787776362883,-9155,-38.628691983122366,14.0,3
canonical,M1_NEGATIVE_OR_FLAT_ONLY,6000,-6000,120000,candidate_class,weak_no_progress_candidate,4005,1255,329,2421,0.7922979797979798,0.7716252533452675,64,1191,46,323445,1016331,0.3182476968625379,335350,83.73283395755305,0.0,2
canonical,M1_NEGATIVE_OR_FLAT_ONLY,6000,-6000,120000,candidate_age_ms_bucket,000000-015000ms,4047,1278,351,2418,0.7845303867403315,0.7639075208264527,53,1225,55,381278,1014130,0.3759656059873981,267132,66.00741289844329,0.0,3
canonical,M1_NEGATIVE_OR_FLAT_ONLY,6000,-6000,120000,candidate_age_ms_bucket,015001-030000ms,152,76,34,42,0.6909090909090909,0.599333979615054,16,60,5,35479,132668,0.26742696053306,48904,321.7368421052632,2.5,2
canonical,M1_NEGATIVE_OR_FLAT_ONLY,6000,-6000,120000,candidate_age_ms_bucket,030001-060000ms,40,26,14,0,0.65,0.49505880837257693,9,17,3,20684,54920,0.3766205389657684,12045,301.125,681.5,3
canonical,M1_NEGATIVE_OR_FLAT_ONLY,6000,-6000,120000,candidate_age_ms_bucket,060001-120000ms,6,3,3,0,0.5,0.1876163064826505,1,2,0,0,5441,0.0,-3589,-598.1666666666666,-635.0,2
canonical,M1_NEGATIVE_OR_FLAT_ONLY,6000,-6000,120000,candidate_pnl_bps_bucket,-2999..-1000bps,284,170,74,40,0.6967213114754098,0.6363626268595249,30,140,21,161549,314091,0.5143382013492905,33365,117.48239436619718,308.5,5
canonical,M1_NEGATIVE_OR_FLAT_ONLY,6000,-6000,120000,candidate_pnl_bps_bucket,-5999..-3000bps,104,74,20,10,0.7872340425531915,0.6940820730069563,24,50,4,38923,58190,0.6688949991407458,-3222,-30.98076923076923,155.0,3
canonical,M1_NEGATIVE_OR_FLAT_ONLY,6000,-6000,120000,candidate_pnl_bps_bucket,-999..0bps,3857,1139,308,2410,0.7871458189357291,0.765309463429086,25,1114,38,236969,834878,0.2838366803293415,294349,76.3155302048224,0.0,3
canonical,M1_NEGATIVE_OR_FLAT_ONLY,6000,-6000,120000,candidate_window_count_before_action_bucket,3,4245,1383,402,2460,0.7747899159663866,0.7548333781064214,79,1304,63,437441,1207159,0.36237231383769664,324492,76.44098939929329,0.0,3
canonical,M1_NEGATIVE_OR_FLAT_ONLY,6000,-6000,120000,pre_entry_overextension_buckets,missing evidence: field unavailable,4245,1383,402,2460,0.7747899159663866,0.7548333781064214,79,1304,63,437441,1207159,0.36237231383769664,324492,76.44098939929329,0.0,3
canonical,M1_NEGATIVE_OR_FLAT_ONLY,6000,-6000,120000,pre_entry_organicity_buckets,missing evidence: field unavailable,4245,1383,402,2460,0.7747899159663866,0.7548333781064214,79,1304,63,437441,1207159,0.36237231383769664,324492,76.44098939929329,0.0,3
canonical,M1_NEGATIVE_OR_FLAT_ONLY,6000,-6000,120000,execution_toxicity_buckets,missing evidence: field unavailable,4245,1383,402,2460,0.7747899159663866,0.7548333781064214,79,1304,63,437441,1207159,0.36237231383769664,324492,76.44098939929329,0.0,3
canonical,M1_NEGATIVE_OR_FLAT_ONLY,6000,-6000,120000,chronological_tercile,holdout,1457,432,120,905,0.782608695652174,0.7463101019928555,22,410,24,163306,343104,0.4759664708076851,68503,47.01647220315717,0.0,2
canonical,M1_NEGATIVE_OR_FLAT_ONLY,6000,-6000,120000,chronological_tercile,train,1403,480,146,777,0.7667731629392971,0.7320800943801519,28,452,18,125433,468510,0.2677274764679516,176584,125.86172487526729,0.0,2
canonical,M1_NEGATIVE_OR_FLAT_ONLY,6000,-6000,120000,chronological_tercile,validation,1385,471,136,778,0.7759472817133443,0.7411009002911463,29,442,21,148702,395545,0.3759420546334804,79405,57.332129963898915,0.0,3
canonical,M2_LOW_PROFIT_ONLY,6000,-6000,120000,candidate_class,heartbeat_only_candidate,7,3,3,1,0.5,0.1876163064826505,0,3,0,0,9652,0.0,6166,880.8571428571429,0.0,1
canonical,M2_LOW_PROFIT_ONLY,6000,-6000,120000,candidate_class,no_progress_with_volume_candidate,283,145,98,40,0.5967078189300411,0.5339873507463833,16,129,23,149722,258253,0.5797493155936233,-10618,-37.51943462897526,5.0,5
canonical,M2_LOW_PROFIT_ONLY,6000,-6000,120000,candidate_class,weak_no_progress_candidate,4081,1300,358,2423,0.7840772014475271,0.7636271063526962,65,1235,52,358594,1110853,0.32280958866744747,354124,86.77382994364126,0.0,2
canonical,M2_LOW_PROFIT_ONLY,6000,-6000,120000,candidate_age_ms_bucket,000000-015000ms,4149,1334,393,2422,0.7724377533294731,0.7520722921496152,55,1279,65,440430,1157312,0.38056289056019466,295905,71.31959508315256,0.0,3
canonical,M2_LOW_PROFIT_ONLY,6000,-6000,120000,candidate_age_ms_bucket,015001-030000ms,166,82,42,42,0.6612903225806451,0.5742614065878932,16,66,6,41462,153026,0.27094742069975036,55726,335.69879518072287,0.0,2
canonical,M2_LOW_PROFIT_ONLY,6000,-6000,120000,candidate_age_ms_bucket,030001-060000ms,50,29,21,0,0.58,0.44233441768578236,9,20,4,26424,62979,0.41956842757109514,1630,32.6,197.5,4
canonical,M2_LOW_PROFIT_ONLY,6000,-6000,120000,candidate_age_ms_bucket,060001-120000ms,6,3,3,0,0.5,0.1876163064826505,1,2,0,0,5441,0.0,-3589,-598.1666666666666,-635.0,2
canonical,M2_LOW_PROFIT_ONLY,6000,-6000,120000,candidate_pnl_bps_bucket,-2999..-1000bps,284,170,74,40,0.6967213114754098,0.6363626268595249,30,140,21,161549,314091,0.5143382013492905,33365,117.48239436619718,308.5,5
canonical,M2_LOW_PROFIT_ONLY,6000,-6000,120000,candidate_pnl_bps_bucket,-5999..-3000bps,104,74,20,10,0.7872340425531915,0.6940820730069563,24,50,4,38923,58190,0.6688949991407458,-3222,-30.98076923076923,155.0,3
canonical,M2_LOW_PROFIT_ONLY,6000,-6000,120000,candidate_pnl_bps_bucket,-999..0bps,3857,1139,308,2410,0.7871458189357291,0.765309463429086,25,1114,38,236969,834878,0.2838366803293415,294349,76.3155302048224,0.0,3
canonical,M2_LOW_PROFIT_ONLY,6000,-6000,120000,candidate_pnl_bps_bucket,1..300bps,126,65,57,4,0.5327868852459017,0.44460958924920835,2,63,12,70875,171599,0.41302688244103986,25180,199.84126984126985,50.0,4
canonical,M2_LOW_PROFIT_ONLY,6000,-6000,120000,candidate_window_count_before_action_bucket,3,4371,1448,459,2464,0.7593078133193497,0.7396114754598547,81,1367,75,508316,1378758,0.36867673659917116,349672,79.99816975520476,0.0,3
canonical,M2_LOW_PROFIT_ONLY,6000,-6000,120000,pre_entry_overextension_buckets,missing evidence: field unavailable,4371,1448,459,2464,0.7593078133193497,0.7396114754598547,81,1367,75,508316,1378758,0.36867673659917116,349672,79.99816975520476,0.0,3
canonical,M2_LOW_PROFIT_ONLY,6000,-6000,120000,pre_entry_organicity_buckets,missing evidence: field unavailable,4371,1448,459,2464,0.7593078133193497,0.7396114754598547,81,1367,75,508316,1378758,0.36867673659917116,349672,79.99816975520476,0.0,3
canonical,M2_LOW_PROFIT_ONLY,6000,-6000,120000,execution_toxicity_buckets,missing evidence: field unavailable,4371,1448,459,2464,0.7593078133193497,0.7396114754598547,81,1367,75,508316,1378758,0.36867673659917116,349672,79.99816975520476,0.0,3
canonical,M2_LOW_PROFIT_ONLY,6000,-6000,120000,chronological_tercile,holdout,1480,444,130,906,0.7735191637630662,0.737525658818221,22,422,29,193034,377461,0.5114011778700316,66562,44.97432432432432,0.0,2
canonical,M2_LOW_PROFIT_ONLY,6000,-6000,120000,chronological_tercile,train,1461,510,173,778,0.746705710102489,0.7127723971488246,30,480,22,148950,548460,0.27157860190351163,192892,132.02737850787133,0.0,3
canonical,M2_LOW_PROFIT_ONLY,6000,-6000,120000,chronological_tercile,validation,1430,494,156,780,0.76,0.7257009237926385,29,465,24,166332,452837,0.36731097503075055,90218,63.08951048951049,0.0,3
canonical,M3_EXCLUDE_HEARTBEAT_ONLY,6000,-6000,120000,candidate_class,no_progress_with_volume_candidate,372,184,147,41,0.5558912386706949,0.5020269995243489,24,160,47,239662,414582,0.5780810551350517,7059,18.975806451612904,0.0,5
canonical,M3_EXCLUDE_HEARTBEAT_ONLY,6000,-6000,120000,candidate_class,weak_no_progress_candidate,4239,1380,431,2428,0.7620099392600773,0.7418550597609621,74,1306,82,487717,1365879,0.35707189289827285,412834,97.38947865062515,0.0,3
canonical,M3_EXCLUDE_HEARTBEAT_ONLY,6000,-6000,120000,candidate_age_ms_bucket,000000-015000ms,4272,1401,449,2422,0.7572972972972973,0.7372412363331452,65,1336,89,549857,1405778,0.3911407064273306,370802,86.79822097378278,0.0,3
canonical,M3_EXCLUDE_HEARTBEAT_ONLY,6000,-6000,120000,candidate_age_ms_bucket,015001-030000ms,226,110,70,46,0.6111111111111112,0.538281972749167,18,92,20,96769,232807,0.41566190020059535,64186,284.0088495575221,0.0,3
canonical,M3_EXCLUDE_HEARTBEAT_ONLY,6000,-6000,120000,candidate_age_ms_bucket,030001-060000ms,100,48,51,1,0.48484848484848486,0.38882226793653446,14,34,19,77715,135186,0.5748746171940882,-6037,-60.37,-9.5,6
canonical,M3_EXCLUDE_HEARTBEAT_ONLY,6000,-6000,120000,candidate_age_ms_bucket,060001-120000ms,13,5,8,0,0.38461538461538464,0.17709707797762572,1,4,1,3038,6690,0.4541106128550075,-9058,-696.7692307692307,-414.0,6
canonical,M3_EXCLUDE_HEARTBEAT_ONLY,6000,-6000,120000,candidate_pnl_bps_bucket,-2999..-1000bps,284,170,74,40,0.6967213114754098,0.6363626268595249,30,140,21,161549,314091,0.5143382013492905,33365,117.48239436619718,308.5,5
canonical,M3_EXCLUDE_HEARTBEAT_ONLY,6000,-6000,120000,candidate_pnl_bps_bucket,-5999..-3000bps,103,74,20,9,0.7872340425531915,0.6940820730069563,24,50,4,38923,58190,0.6688949991407458,-3222,-31.281553398058254,156.0,3
canonical,M3_EXCLUDE_HEARTBEAT_ONLY,6000,-6000,120000,candidate_pnl_bps_bucket,-999..0bps,3855,1138,307,2410,0.7875432525951557,0.7657045565107402,25,1113,38,236969,834877,0.28383702030358965,296052,76.79688715953307,0.0,3
canonical,M3_EXCLUDE_HEARTBEAT_ONLY,6000,-6000,120000,candidate_pnl_bps_bucket,1..300bps,122,63,55,4,0.5338983050847458,0.44424626533128486,2,61,12,70875,161948,0.4376404771902092,17311,141.89344262295083,50.0,4
canonical,M3_EXCLUDE_HEARTBEAT_ONLY,6000,-6000,120000,candidate_pnl_bps_bucket,1001..3000bps,110,52,56,2,0.48148148148148145,0.38951373394028815,5,47,29,118469,167718,0.7063582918947281,6190,56.27272727272727,-109.0,7
canonical,M3_EXCLUDE_HEARTBEAT_ONLY,6000,-6000,120000,candidate_pnl_bps_bucket,301..1000bps,117,61,53,3,0.5350877192982456,0.44388388545852037,11,50,14,75120,225745,0.33276484529003963,77855,665.4273504273505,397.0,8
canonical,M3_EXCLUDE_HEARTBEAT_ONLY,6000,-6000,120000,candidate_pnl_bps_bucket,>3000bps,20,6,13,1,0.3157894736842105,0.1536437908779228,1,5,11,25474,17892,1.4237648110887549,-7658,-382.9,-1695.5,5
canonical,M3_EXCLUDE_HEARTBEAT_ONLY,6000,-6000,120000,candidate_window_count_before_action_bucket,3,4611,1564,578,2469,0.7301587301587301,0.7109614695576119,98,1466,129,727379,1780461,0.40853408190350704,419893,91.06332682715247,0.0,4
canonical,M3_EXCLUDE_HEARTBEAT_ONLY,6000,-6000,120000,pre_entry_overextension_buckets,missing evidence: field unavailable,4611,1564,578,2469,0.7301587301587301,0.7109614695576119,98,1466,129,727379,1780461,0.40853408190350704,419893,91.06332682715247,0.0,4
canonical,M3_EXCLUDE_HEARTBEAT_ONLY,6000,-6000,120000,pre_entry_organicity_buckets,missing evidence: field unavailable,4611,1564,578,2469,0.7301587301587301,0.7109614695576119,98,1466,129,727379,1780461,0.40853408190350704,419893,91.06332682715247,0.0,4
canonical,M3_EXCLUDE_HEARTBEAT_ONLY,6000,-6000,120000,execution_toxicity_buckets,missing evidence: field unavailable,4611,1564,578,2469,0.7301587301587301,0.7109614695576119,98,1466,129,727379,1780461,0.40853408190350704,419893,91.06332682715247,0.0,4
canonical,M3_EXCLUDE_HEARTBEAT_ONLY,6000,-6000,120000,chronological_tercile,holdout,1539,477,156,906,0.7535545023696683,0.718520546266471,26,451,37,223603,476029,0.46972558394551595,98634,64.08966861598441,0.0,2
canonical,M3_EXCLUDE_HEARTBEAT_ONLY,6000,-6000,120000,chronological_tercile,train,1546,552,214,780,0.720626631853786,0.6878112884423443,35,517,38,220836,695372,0.3175796552061343,231143,149.51034928848642,0.0,4
canonical,M3_EXCLUDE_HEARTBEAT_ONLY,6000,-6000,120000,chronological_tercile,validation,1526,535,208,783,0.7200538358008075,0.686702244565177,37,498,54,282940,609060,0.46455193248612614,90116,59.05373525557012,0.0,3
canonical,M4_CONFIRM_2_WINDOWS,6000,-6000,120000,candidate_class,heartbeat_only_candidate,7,3,3,1,0.5,0.1876163064826505,0,3,0,0,9769,0.0,6535,933.5714285714286,0.0,1
canonical,M4_CONFIRM_2_WINDOWS,6000,-6000,120000,candidate_class,no_progress_with_volume_candidate,369,179,142,48,0.557632398753894,0.5029360808244765,24,155,44,216814,408138,0.5312271829626254,28835,78.14363143631437,0.0,5
canonical,M4_CONFIRM_2_WINDOWS,6000,-6000,120000,candidate_class,weak_no_progress_candidate,4232,1320,422,2490,0.7577497129735936,0.737077133801319,69,1251,81,442444,1284765,0.34437737640735855,379363,89.64154064272212,0.0,3
canonical,M4_CONFIRM_2_WINDOWS,6000,-6000,120000,candidate_age_ms_bucket,000000-015000ms,5,4,0,1,1.0,0.5101091635454027,0,4,0,0,8714,0.0,8714,1742.8,762.0,0
canonical,M4_CONFIRM_2_WINDOWS,6000,-6000,120000,candidate_age_ms_bucket,015001-030000ms,4464,1431,498,2535,0.7418351477449455,0.7218388149113468,78,1353,102,567980,1540238,0.36876119145223013,435081,97.46438172043011,0.0,3
canonical,M4_CONFIRM_2_WINDOWS,6000,-6000,120000,candidate_age_ms_bucket,030001-060000ms,125,62,60,3,0.5081967213114754,0.42059917554785475,14,48,22,88167,147282,0.5986271234774106,-18587,-148.696,0.0,6
canonical,M4_CONFIRM_2_WINDOWS,6000,-6000,120000,candidate_age_ms_bucket,060001-120000ms,14,5,9,0,0.35714285714285715,0.1634473175355414,1,4,1,3111,6438,0.4832246039142591,-10475,-748.2142857142857,-801.0,3
canonical,M4_CONFIRM_2_WINDOWS,6000,-6000,120000,candidate_pnl_bps_bucket,-2999..-1000bps,271,158,64,49,0.7117117117117117,0.648924838638918,23,135,14,106778,272340,0.3920760813688771,68183,251.5977859778598,177.0,5
canonical,M4_CONFIRM_2_WINDOWS,6000,-6000,120000,candidate_pnl_bps_bucket,-5999..-3000bps,123,83,24,16,0.7757009345794392,0.6879073136504652,29,54,1,10273,69702,0.14738458006943847,21284,173.04065040650406,80.0,3
canonical,M4_CONFIRM_2_WINDOWS,6000,-6000,120000,candidate_pnl_bps_bucket,-999..0bps,3801,1067,276,2458,0.7944899478778853,0.7720537062564792,23,1044,29,184045,748504,0.24588378953218687,265592,69.87424362009997,0.0,2
canonical,M4_CONFIRM_2_WINDOWS,6000,-6000,120000,candidate_pnl_bps_bucket,1..300bps,125,67,52,6,0.5630252100840336,0.4733184074469612,3,64,9,52979,168980,0.31352231033258376,52205,417.64,126.0,4
canonical,M4_CONFIRM_2_WINDOWS,6000,-6000,120000,candidate_pnl_bps_bucket,1001..3000bps,127,57,67,3,0.4596774193548387,0.37449018241529064,5,52,38,152092,190306,0.7991970825932971,-9764,-76.88188976377953,-436.0,5
canonical,M4_CONFIRM_2_WINDOWS,6000,-6000,120000,candidate_pnl_bps_bucket,301..1000bps,137,58,74,5,0.4393939393939394,0.3576284026484627,10,48,25,133421,209682,0.6363016377180684,-5695,-41.56934306569343,-531.0,9
canonical,M4_CONFIRM_2_WINDOWS,6000,-6000,120000,candidate_pnl_bps_bucket,>3000bps,24,12,10,2,0.5454545454545454,0.34659795320734943,0,12,9,19670,43158,0.45576718105565595,22928,955.3333333333334,33.5,5
canonical,M4_CONFIRM_2_WINDOWS,6000,-6000,120000,candidate_window_count_before_action_bucket,3,4608,1502,567,2539,0.7259545674238763,0.7063299368157069,93,1409,125,659258,1702672,0.3871902515575519,414733,90.00282118055556,0.0,4
canonical,M4_CONFIRM_2_WINDOWS,6000,-6000,120000,pre_entry_overextension_buckets,missing evidence: field unavailable,4608,1502,567,2539,0.7259545674238763,0.7063299368157069,93,1409,125,659258,1702672,0.3871902515575519,414733,90.00282118055556,0.0,4
canonical,M4_CONFIRM_2_WINDOWS,6000,-6000,120000,pre_entry_organicity_buckets,missing evidence: field unavailable,4608,1502,567,2539,0.7259545674238763,0.7063299368157069,93,1409,125,659258,1702672,0.3871902515575519,414733,90.00282118055556,0.0,4
canonical,M4_CONFIRM_2_WINDOWS,6000,-6000,120000,execution_toxicity_buckets,missing evidence: field unavailable,4608,1502,567,2539,0.7259545674238763,0.7063299368157069,93,1409,125,659258,1702672,0.3871902515575519,414733,90.00282118055556,0.0,4
canonical,M4_CONFIRM_2_WINDOWS,6000,-6000,120000,chronological_tercile,holdout,1540,457,155,928,0.7467320261437909,0.7108117213242044,26,431,37,203814,441408,0.4617360809047412,81698,53.05064935064935,0.0,2
canonical,M4_CONFIRM_2_WINDOWS,6000,-6000,120000,chronological_tercile,train,1548,531,207,810,0.7195121951219512,0.686028283710512,34,497,37,195391,695187,0.2810625054841359,250943,162.1078811369509,0.0,4
canonical,M4_CONFIRM_2_WINDOWS,6000,-6000,120000,chronological_tercile,validation,1520,514,205,801,0.7148817802503477,0.6808078666220996,33,481,51,260053,566077,0.45939509995989947,82092,54.007894736842104,0.0,3
canonical,M5_DELAY_4000MS_CONFIRM,6000,-6000,120000,candidate_class,heartbeat_only_candidate,7,3,3,1,0.5,0.1876163064826505,0,3,0,0,9769,0.0,6614,944.8571428571429,0.0,1
canonical,M5_DELAY_4000MS_CONFIRM,6000,-6000,120000,candidate_class,no_progress_with_volume_candidate,369,179,142,48,0.557632398753894,0.5029360808244765,24,155,44,216670,407668,0.5314864056045606,27237,73.8130081300813,0.0,5
canonical,M5_DELAY_4000MS_CONFIRM,6000,-6000,120000,candidate_class,weak_no_progress_candidate,4231,1321,420,2490,0.758759333716255,0.7381069424862168,68,1253,81,440074,1284150,0.3426967254604213,379761,89.75679508390452,0.0,3
canonical,M5_DELAY_4000MS_CONFIRM,6000,-6000,120000,candidate_age_ms_bucket,000000-015000ms,7,2,1,4,0.6666666666666666,0.20765960080204768,0,2,1,6102,3163,1.9291811571293076,-2939,-419.85714285714283,0.0,1
canonical,M5_DELAY_4000MS_CONFIRM,6000,-6000,120000,candidate_age_ms_bucket,015001-030000ms,4461,1434,495,2532,0.7433903576982893,0.7234293207389307,77,1357,101,559362,1544706,0.3621155093590625,445617,99.89172831203766,0.0,3
canonical,M5_DELAY_4000MS_CONFIRM,6000,-6000,120000,candidate_age_ms_bucket,030001-060000ms,125,62,60,3,0.5081967213114754,0.42059917554785475,14,48,22,88169,147280,0.5986488321564367,-18591,-148.728,0.0,6
canonical,M5_DELAY_4000MS_CONFIRM,6000,-6000,120000,candidate_age_ms_bucket,060001-120000ms,14,5,9,0,0.35714285714285715,0.1634473175355414,1,4,1,3111,6438,0.4832246039142591,-10475,-748.2142857142857,-801.0,3
canonical,M5_DELAY_4000MS_CONFIRM,6000,-6000,120000,candidate_pnl_bps_bucket,-2999..-1000bps,272,158,65,49,0.7085201793721974,0.6457455695096657,23,135,14,106778,272258,0.3921941687663907,64094,235.63970588235293,167.0,5
canonical,M5_DELAY_4000MS_CONFIRM,6000,-6000,120000,candidate_pnl_bps_bucket,-5999..-3000bps,122,83,24,15,0.7757009345794392,0.6879073136504652,28,55,1,10273,69425,0.14797263233705438,20303,166.41803278688525,79.0,3
canonical,M5_DELAY_4000MS_CONFIRM,6000,-6000,120000,candidate_pnl_bps_bucket,-999..0bps,3801,1067,275,2459,0.7950819672131147,0.7726583811869219,23,1044,29,183888,748588,0.24564647042164717,262873,69.15890555117075,0.0,2
canonical,M5_DELAY_4000MS_CONFIRM,6000,-6000,120000,candidate_pnl_bps_bucket,1..300bps,124,66,52,6,0.559322033898305,0.4692778385518202,3,63,9,52979,167815,0.3156988350266663,51560,415.80645161290323,97.5,5
canonical,M5_DELAY_4000MS_CONFIRM,6000,-6000,120000,candidate_pnl_bps_bucket,1001..3000bps,129,59,67,3,0.46825396825396826,0.38335901902739644,5,54,39,155232,193488,0.8022823120813694,-9422,-73.03875968992249,-436.0,5
canonical,M5_DELAY_4000MS_CONFIRM,6000,-6000,120000,candidate_pnl_bps_bucket,301..1000bps,136,59,72,5,0.45038167938931295,0.367806930332062,10,49,24,127907,210342,0.6080906333494975,4780,35.14705882352941,-295.0,9
canonical,M5_DELAY_4000MS_CONFIRM,6000,-6000,120000,candidate_pnl_bps_bucket,>3000bps,23,11,10,2,0.5238095238095238,0.3236953458284443,0,11,9,19687,39671,0.49625671145169015,19424,844.5217391304348,0.0,5
canonical,M5_DELAY_4000MS_CONFIRM,6000,-6000,120000,candidate_window_count_before_action_bucket,3,4607,1503,565,2539,0.72678916827853,0.7071763611309989,92,1411,125,656744,1701587,0.3859596952727072,413612,89.77903190796614,0.0,4
canonical,M5_DELAY_4000MS_CONFIRM,6000,-6000,120000,pre_entry_overextension_buckets,missing evidence: field unavailable,4607,1503,565,2539,0.72678916827853,0.7071763611309989,92,1411,125,656744,1701587,0.3859596952727072,413612,89.77903190796614,0.0,4
canonical,M5_DELAY_4000MS_CONFIRM,6000,-6000,120000,pre_entry_organicity_buckets,missing evidence: field unavailable,4607,1503,565,2539,0.72678916827853,0.7071763611309989,92,1411,125,656744,1701587,0.3859596952727072,413612,89.77903190796614,0.0,4
canonical,M5_DELAY_4000MS_CONFIRM,6000,-6000,120000,execution_toxicity_buckets,missing evidence: field unavailable,4607,1503,565,2539,0.72678916827853,0.7071763611309989,92,1411,125,656744,1701587,0.3859596952727072,413612,89.77903190796614,0.0,4
canonical,M5_DELAY_4000MS_CONFIRM,6000,-6000,120000,chronological_tercile,holdout,1539,456,154,929,0.7475409836065574,0.7115906471584271,25,431,37,203640,440819,0.4619583094195123,80026,51.99870045484081,0.0,2
canonical,M5_DELAY_4000MS_CONFIRM,6000,-6000,120000,chronological_tercile,train,1548,531,207,810,0.7195121951219512,0.686028283710512,34,497,37,195387,694589,0.2812987248574337,248800,160.7235142118863,0.0,4
canonical,M5_DELAY_4000MS_CONFIRM,6000,-6000,120000,chronological_tercile,validation,1520,516,204,800,0.7166666666666667,0.6826694777145872,33,483,51,257717,566179,0.45518643397229497,84786,55.78026315789474,0.0,3
canonical,M6_DELAY_8000MS_CONFIRM,6000,-6000,120000,candidate_class,heartbeat_only_candidate,7,3,3,1,0.5,0.1876163064826505,0,3,0,0,5654,0.0,2179,311.2857142857143,0.0,1
canonical,M6_DELAY_8000MS_CONFIRM,6000,-6000,120000,candidate_class,no_progress_with_volume_candidate,368,180,139,49,0.5642633228840125,0.5094045716960615,24,156,43,198503,398131,0.49858714845113794,43932,119.3804347826087,0.0,4
canonical,M6_DELAY_8000MS_CONFIRM,6000,-6000,120000,candidate_class,weak_no_progress_candidate,4220,1256,416,2548,0.7511961722488039,0.7299139555822294,62,1194,77,386371,1199494,0.3221116570820696,365838,86.6914691943128,0.0,3
canonical,M6_DELAY_8000MS_CONFIRM,6000,-6000,120000,candidate_age_ms_bucket,015001-030000ms,4373,1332,455,2586,0.7453833240067151,0.724673275227865,64,1268,89,455158,1350382,0.3370586989459279,406923,93.0535101760805,0.0,3
canonical,M6_DELAY_8000MS_CONFIRM,6000,-6000,120000,candidate_age_ms_bucket,030001-060000ms,204,103,89,12,0.5364583333333334,0.4658989046479933,21,82,29,124591,246119,0.5062225996367611,19769,96.90686274509804,8.5,6
canonical,M6_DELAY_8000MS_CONFIRM,6000,-6000,120000,candidate_age_ms_bucket,060001-120000ms,18,4,14,0,0.2222222222222222,0.09000928108601693,1,3,2,5125,6778,0.7561227500737681,-14743,-819.0555555555555,-853.5,8
canonical,M6_DELAY_8000MS_CONFIRM,6000,-6000,120000,candidate_pnl_bps_bucket,-2999..-1000bps,290,156,74,60,0.6782608695652174,0.6153869818214297,17,139,13,98984,234063,0.42289469074565395,6349,21.893103448275863,33.5,3
canonical,M6_DELAY_8000MS_CONFIRM,6000,-6000,120000,candidate_pnl_bps_bucket,-5999..-3000bps,126,83,21,22,0.7980769230769231,0.7109532914424468,30,53,1,9186,66658,0.13780791502895376,36262,287.7936507936508,106.0,2
canonical,M6_DELAY_8000MS_CONFIRM,6000,-6000,120000,candidate_pnl_bps_bucket,-999..0bps,3753,999,255,2499,0.7966507177033493,0.7734834506788661,25,974,25,157969,684547,0.23076428645513017,258944,68.99653610444977,0.0,2
canonical,M6_DELAY_8000MS_CONFIRM,6000,-6000,120000,candidate_pnl_bps_bucket,1..300bps,119,60,52,7,0.5357142857142857,0.4437035142372299,2,58,8,46526,121816,0.3819366914034281,16794,141.12605042016807,2.0,4
canonical,M6_DELAY_8000MS_CONFIRM,6000,-6000,120000,candidate_pnl_bps_bucket,1001..3000bps,137,65,69,3,0.48507462686567165,0.4020571693250764,5,60,37,151953,228270,0.665672230253647,23368,170.56934306569343,-87.0,5
canonical,M6_DELAY_8000MS_CONFIRM,6000,-6000,120000,candidate_pnl_bps_bucket,301..1000bps,132,63,64,5,0.49606299212598426,0.41050787678444856,7,56,15,79816,215881,0.36972220806833395,60347,457.17424242424244,0.0,8
canonical,M6_DELAY_8000MS_CONFIRM,6000,-6000,120000,candidate_pnl_bps_bucket,>3000bps,38,13,23,2,0.3611111111111111,0.2247559294651537,0,13,21,40440,52044,0.777034816693567,9885,260.13157894736844,-1014.5,6
canonical,M6_DELAY_8000MS_CONFIRM,6000,-6000,120000,candidate_window_count_before_action_bucket,3,4595,1439,558,2598,0.7205808713069605,0.7004915601926316,86,1353,120,584874,1603279,0.36479864078554014,411949,89.65157780195865,0.0,4
canonical,M6_DELAY_8000MS_CONFIRM,6000,-6000,120000,pre_entry_overextension_buckets,missing evidence: field unavailable,4595,1439,558,2598,0.7205808713069605,0.7004915601926316,86,1353,120,584874,1603279,0.36479864078554014,411949,89.65157780195865,0.0,4
canonical,M6_DELAY_8000MS_CONFIRM,6000,-6000,120000,pre_entry_organicity_buckets,missing evidence: field unavailable,4595,1439,558,2598,0.7205808713069605,0.7004915601926316,86,1353,120,584874,1603279,0.36479864078554014,411949,89.65157780195865,0.0,4
canonical,M6_DELAY_8000MS_CONFIRM,6000,-6000,120000,execution_toxicity_buckets,missing evidence: field unavailable,4595,1439,558,2598,0.7205808713069605,0.7004915601926316,86,1353,120,584874,1603279,0.36479864078554014,411949,89.65157780195865,0.0,4
canonical,M6_DELAY_8000MS_CONFIRM,6000,-6000,120000,chronological_tercile,holdout,1535,438,147,950,0.7487179487179487,0.712023897062798,23,415,36,187491,417820,0.44873629792733716,78188,50.936807817589575,0.0,2
canonical,M6_DELAY_8000MS_CONFIRM,6000,-6000,120000,chronological_tercile,train,1544,510,206,828,0.7122905027932961,0.6780681207273481,33,477,34,161348,644857,0.2502074103250798,240880,156.0103626943005,0.0,4
canonical,M6_DELAY_8000MS_CONFIRM,6000,-6000,120000,chronological_tercile,validation,1516,491,205,820,0.7054597701149425,0.6705411744189416,30,461,50,236035,540602,0.4366151068623498,92881,61.267150395778366,0.0,3
canonical,M7_CLASS_RESTRICTED,6000,-6000,120000,candidate_class,no_progress_with_volume_candidate,372,184,147,41,0.5558912386706949,0.5020269995243489,24,160,47,239662,414582,0.5780810551350517,7059,18.975806451612904,0.0,5
canonical,M7_CLASS_RESTRICTED,6000,-6000,120000,candidate_class,weak_no_progress_candidate,4239,1380,431,2428,0.7620099392600773,0.7418550597609621,74,1306,82,487717,1365879,0.35707189289827285,412834,97.38947865062515,0.0,3
canonical,M7_CLASS_RESTRICTED,6000,-6000,120000,candidate_age_ms_bucket,000000-015000ms,4272,1401,449,2422,0.7572972972972973,0.7372412363331452,65,1336,89,549857,1405778,0.3911407064273306,370802,86.79822097378278,0.0,3
canonical,M7_CLASS_RESTRICTED,6000,-6000,120000,candidate_age_ms_bucket,015001-030000ms,226,110,70,46,0.6111111111111112,0.538281972749167,18,92,20,96769,232807,0.41566190020059535,64186,284.0088495575221,0.0,3
canonical,M7_CLASS_RESTRICTED,6000,-6000,120000,candidate_age_ms_bucket,030001-060000ms,100,48,51,1,0.48484848484848486,0.38882226793653446,14,34,19,77715,135186,0.5748746171940882,-6037,-60.37,-9.5,6
canonical,M7_CLASS_RESTRICTED,6000,-6000,120000,candidate_age_ms_bucket,060001-120000ms,13,5,8,0,0.38461538461538464,0.17709707797762572,1,4,1,3038,6690,0.4541106128550075,-9058,-696.7692307692307,-414.0,6
canonical,M7_CLASS_RESTRICTED,6000,-6000,120000,candidate_pnl_bps_bucket,-2999..-1000bps,284,170,74,40,0.6967213114754098,0.6363626268595249,30,140,21,161549,314091,0.5143382013492905,33365,117.48239436619718,308.5,5
canonical,M7_CLASS_RESTRICTED,6000,-6000,120000,candidate_pnl_bps_bucket,-5999..-3000bps,103,74,20,9,0.7872340425531915,0.6940820730069563,24,50,4,38923,58190,0.6688949991407458,-3222,-31.281553398058254,156.0,3
canonical,M7_CLASS_RESTRICTED,6000,-6000,120000,candidate_pnl_bps_bucket,-999..0bps,3855,1138,307,2410,0.7875432525951557,0.7657045565107402,25,1113,38,236969,834877,0.28383702030358965,296052,76.79688715953307,0.0,3
canonical,M7_CLASS_RESTRICTED,6000,-6000,120000,candidate_pnl_bps_bucket,1..300bps,122,63,55,4,0.5338983050847458,0.44424626533128486,2,61,12,70875,161948,0.4376404771902092,17311,141.89344262295083,50.0,4
canonical,M7_CLASS_RESTRICTED,6000,-6000,120000,candidate_pnl_bps_bucket,1001..3000bps,110,52,56,2,0.48148148148148145,0.38951373394028815,5,47,29,118469,167718,0.7063582918947281,6190,56.27272727272727,-109.0,7
canonical,M7_CLASS_RESTRICTED,6000,-6000,120000,candidate_pnl_bps_bucket,301..1000bps,117,61,53,3,0.5350877192982456,0.44388388545852037,11,50,14,75120,225745,0.33276484529003963,77855,665.4273504273505,397.0,8
canonical,M7_CLASS_RESTRICTED,6000,-6000,120000,candidate_pnl_bps_bucket,>3000bps,20,6,13,1,0.3157894736842105,0.1536437908779228,1,5,11,25474,17892,1.4237648110887549,-7658,-382.9,-1695.5,5
canonical,M7_CLASS_RESTRICTED,6000,-6000,120000,candidate_window_count_before_action_bucket,3,4611,1564,578,2469,0.7301587301587301,0.7109614695576119,98,1466,129,727379,1780461,0.40853408190350704,419893,91.06332682715247,0.0,4
canonical,M7_CLASS_RESTRICTED,6000,-6000,120000,pre_entry_overextension_buckets,missing evidence: field unavailable,4611,1564,578,2469,0.7301587301587301,0.7109614695576119,98,1466,129,727379,1780461,0.40853408190350704,419893,91.06332682715247,0.0,4
canonical,M7_CLASS_RESTRICTED,6000,-6000,120000,pre_entry_organicity_buckets,missing evidence: field unavailable,4611,1564,578,2469,0.7301587301587301,0.7109614695576119,98,1466,129,727379,1780461,0.40853408190350704,419893,91.06332682715247,0.0,4
canonical,M7_CLASS_RESTRICTED,6000,-6000,120000,execution_toxicity_buckets,missing evidence: field unavailable,4611,1564,578,2469,0.7301587301587301,0.7109614695576119,98,1466,129,727379,1780461,0.40853408190350704,419893,91.06332682715247,0.0,4
canonical,M7_CLASS_RESTRICTED,6000,-6000,120000,chronological_tercile,holdout,1539,477,156,906,0.7535545023696683,0.718520546266471,26,451,37,223603,476029,0.46972558394551595,98634,64.08966861598441,0.0,2
canonical,M7_CLASS_RESTRICTED,6000,-6000,120000,chronological_tercile,train,1546,552,214,780,0.720626631853786,0.6878112884423443,35,517,38,220836,695372,0.3175796552061343,231143,149.51034928848642,0.0,4
canonical,M7_CLASS_RESTRICTED,6000,-6000,120000,chronological_tercile,validation,1526,535,208,783,0.7200538358008075,0.686702244565177,37,498,54,282940,609060,0.46455193248612614,90116,59.05373525557012,0.0,3
canonical,M8_DELAY_12000MS_CONFIRM,6000,-6000,120000,candidate_class,heartbeat_only_candidate,7,3,3,1,0.5,0.1876163064826505,0,3,0,0,5686,0.0,2315,330.7142857142857,0.0,1
canonical,M8_DELAY_12000MS_CONFIRM,6000,-6000,120000,candidate_class,no_progress_with_volume_candidate,365,172,142,51,0.5477707006369427,0.49247338361551374,21,151,43,178171,358105,0.4975384314656316,31462,86.1972602739726,0.0,4
canonical,M8_DELAY_12000MS_CONFIRM,6000,-6000,120000,candidate_class,weak_no_progress_candidate,4205,1195,406,2604,0.7464084946908183,0.7245248176005342,54,1141,72,347973,1098959,0.3166387463044572,313286,74.50321046373365,0.0,3
canonical,M8_DELAY_12000MS_CONFIRM,6000,-6000,120000,candidate_age_ms_bucket,015001-030000ms,4329,1252,439,2638,0.7403903015966884,0.7189658372392236,53,1199,82,407198,1175907,0.3462841874399931,309619,71.52206052206053,0.0,3
canonical,M8_DELAY_12000MS_CONFIRM,6000,-6000,120000,candidate_age_ms_bucket,030001-060000ms,222,109,96,17,0.5317073170731708,0.4634455666958912,20,89,29,109438,273110,0.4007103364944528,48009,216.25675675675674,0.0,6
canonical,M8_DELAY_12000MS_CONFIRM,6000,-6000,120000,candidate_age_ms_bucket,060001-120000ms,26,9,16,1,0.36,0.2024788077445822,2,7,4,9508,13733,0.6923469016238258,-10565,-406.34615384615387,-377.0,4
canonical,M8_DELAY_12000MS_CONFIRM,6000,-6000,120000,candidate_pnl_bps_bucket,-2999..-1000bps,305,158,80,67,0.6638655462184874,0.6016698509729431,14,144,10,77847,221184,0.3519558376736111,-4096,-13.429508196721311,6.0,4
canonical,M8_DELAY_12000MS_CONFIRM,6000,-6000,120000,candidate_pnl_bps_bucket,-5999..-3000bps,138,89,23,26,0.7946428571428571,0.71066346806868,25,64,1,9186,69068,0.13299936294666126,33229,240.78985507246378,79.5,2
canonical,M8_DELAY_12000MS_CONFIRM,6000,-6000,120000,candidate_pnl_bps_bucket,-999..0bps,3698,932,227,2539,0.8041415012942191,0.7803046490965071,24,908,22,139723,611714,0.22841229725002207,266466,72.05678745267713,0.0,2
canonical,M8_DELAY_12000MS_CONFIRM,6000,-6000,120000,candidate_pnl_bps_bucket,1..300bps,113,51,51,11,0.5,0.40474447240912576,2,49,7,40796,88129,0.46291232171022023,-11332,-100.28318584070796,0.0,5
canonical,M8_DELAY_12000MS_CONFIRM,6000,-6000,120000,candidate_pnl_bps_bucket,1001..3000bps,138,63,70,5,0.47368421052631576,0.39076180624766477,2,61,35,141080,195343,0.722216818621604,-4953,-35.891304347826086,-105.0,5
canonical,M8_DELAY_12000MS_CONFIRM,6000,-6000,120000,candidate_pnl_bps_bucket,301..1000bps,135,60,69,6,0.46511627906976744,0.38130031118129837,7,53,13,68546,206143,0.33251674808264164,47554,352.2518518518518,-98.0,6
canonical,M8_DELAY_12000MS_CONFIRM,6000,-6000,120000,candidate_pnl_bps_bucket,>3000bps,50,17,31,2,0.3541666666666667,0.23433644125604852,1,16,27,48966,71169,0.6880242802343717,20195,403.9,-680.0,7
canonical,M8_DELAY_12000MS_CONFIRM,6000,-6000,120000,candidate_window_count_before_action_bucket,3,4577,1370,551,2656,0.7131702238417491,0.6925352938665786,75,1295,115,526144,1462750,0.35969509485558027,347063,75.82761634258247,0.0,4
canonical,M8_DELAY_12000MS_CONFIRM,6000,-6000,120000,pre_entry_overextension_buckets,missing evidence: field unavailable,4577,1370,551,2656,0.7131702238417491,0.6925352938665786,75,1295,115,526144,1462750,0.35969509485558027,347063,75.82761634258247,0.0,4
canonical,M8_DELAY_12000MS_CONFIRM,6000,-6000,120000,pre_entry_organicity_buckets,missing evidence: field unavailable,4577,1370,551,2656,0.7131702238417491,0.6925352938665786,75,1295,115,526144,1462750,0.35969509485558027,347063,75.82761634258247,0.0,4
canonical,M8_DELAY_12000MS_CONFIRM,6000,-6000,120000,execution_toxicity_buckets,missing evidence: field unavailable,4577,1370,551,2656,0.7131702238417491,0.6925352938665786,75,1295,115,526144,1462750,0.35969509485558027,347063,75.82761634258247,0.0,4
canonical,M8_DELAY_12000MS_CONFIRM,6000,-6000,120000,chronological_tercile,holdout,1526,411,152,963,0.7300177619893428,0.6918787248144144,18,393,33,164415,376878,0.4362552337891838,63758,41.781127129750985,0.0,2
canonical,M8_DELAY_12000MS_CONFIRM,6000,-6000,120000,chronological_tercile,train,1538,485,203,850,0.7049418604651163,0.6698008126401868,28,457,33,144289,587646,0.245537279246349,205372,133.53185955786736,0.0,4
canonical,M8_DELAY_12000MS_CONFIRM,6000,-6000,120000,chronological_tercile,validation,1513,474,196,843,0.7074626865671642,0.6719108154695912,29,445,49,217440,498226,0.43642844813397935,77933,51.50892267019167,0.0,3
train_selected,M4_CONFIRM_2_WINDOWS,10000,-6000,120000,candidate_class,heartbeat_only_candidate,7,3,3,1,0.5,0.1876163064826505,0,3,0,0,9769,0.0,6535,933.5714285714286,0.0,1
train_selected,M4_CONFIRM_2_WINDOWS,10000,-6000,120000,candidate_class,no_progress_with_volume_candidate,370,188,134,48,0.5838509316770186,0.529332729137065,27,161,11,95632,453524,0.21086425415193022,60072,162.35675675675677,5.5,4
train_selected,M4_CONFIRM_2_WINDOWS,10000,-6000,120000,candidate_class,weak_no_progress_candidate,4232,1330,411,2491,0.7639287765651924,0.7434133325257363,72,1258,33,307511,1337160,0.22997322683897214,376208,88.89603024574669,0.0,3
train_selected,M4_CONFIRM_2_WINDOWS,10000,-6000,120000,candidate_age_ms_bucket,000000-015000ms,5,4,0,1,1.0,0.5101091635454027,0,4,0,0,8714,0.0,8714,1742.8,762.0,0
train_selected,M4_CONFIRM_2_WINDOWS,10000,-6000,120000,candidate_age_ms_bucket,015001-030000ms,4465,1446,483,2536,0.749611197511664,0.7297945895680557,83,1363,40,370806,1609285,0.2304166135892648,444912,99.64434490481523,0.0,3
train_selected,M4_CONFIRM_2_WINDOWS,10000,-6000,120000,candidate_age_ms_bucket,030001-060000ms,125,66,56,3,0.5409836065573771,0.4526587930745618,15,51,3,25226,176016,0.1433165166803018,3664,29.312,69.0,5
train_selected,M4_CONFIRM_2_WINDOWS,10000,-6000,120000,candidate_age_ms_bucket,060001-120000ms,14,5,9,0,0.35714285714285715,0.1634473175355414,1,4,1,7111,6438,1.1045355700528114,-14475,-1033.9285714285713,-801.0,3
train_selected,M4_CONFIRM_2_WINDOWS,10000,-6000,120000,candidate_pnl_bps_bucket,-2999..-1000bps,271,159,63,49,0.7162162162162162,0.6536256306281115,23,136,5,58540,272944,0.21447622955624596,69763,257.4280442804428,181.0,5
train_selected,M4_CONFIRM_2_WINDOWS,10000,-6000,120000,candidate_pnl_bps_bucket,-5999..-3000bps,123,83,24,16,0.7757009345794392,0.6879073136504652,29,54,0,0,69702,0.0,20274,164.82926829268294,80.0,3
train_selected,M4_CONFIRM_2_WINDOWS,10000,-6000,120000,candidate_pnl_bps_bucket,-999..0bps,3801,1072,270,2459,0.7988077496274217,0.7765199325848143,24,1048,8,82317,758293,0.10855566383970312,288500,75.90107866350961,0.0,2
train_selected,M4_CONFIRM_2_WINDOWS,10000,-6000,120000,candidate_pnl_bps_bucket,1..300bps,125,68,51,6,0.5714285714285714,0.4816542605596721,4,64,4,39486,175047,0.22557370306260605,40003,320.024,133.0,4
train_selected,M4_CONFIRM_2_WINDOWS,10000,-6000,120000,candidate_pnl_bps_bucket,1001..3000bps,127,63,61,3,0.5080645161290323,0.42116044210328424,8,55,14,108563,230508,0.4709728078851927,-610,-4.803149606299213,0.0,5
train_selected,M4_CONFIRM_2_WINDOWS,10000,-6000,120000,candidate_pnl_bps_bucket,301..1000bps,137,60,72,5,0.45454545454545453,0.37208737782123635,10,50,11,102681,219224,0.4683839360653943,-28626,-208.94890510948906,-250.0,9
train_selected,M4_CONFIRM_2_WINDOWS,10000,-6000,120000,candidate_pnl_bps_bucket,>3000bps,25,16,7,2,0.6956521739130435,0.49134243731240795,1,15,2,11556,74735,0.15462634642403159,53511,2140.44,1220.0,4
train_selected,M4_CONFIRM_2_WINDOWS,10000,-6000,120000,candidate_window_count_before_action_bucket,3,4609,1521,548,2540,0.7351377477042049,0.7157011038976295,99,1422,44,403143,1800453,0.22391198215115862,442815,96.07615534823172,0.0,4
train_selected,M4_CONFIRM_2_WINDOWS,10000,-6000,120000,pre_entry_overextension_buckets,missing evidence: field unavailable,4609,1521,548,2540,0.7351377477042049,0.7157011038976295,99,1422,44,403143,1800453,0.22391198215115862,442815,96.07615534823172,0.0,4
train_selected,M4_CONFIRM_2_WINDOWS,10000,-6000,120000,pre_entry_organicity_buckets,missing evidence: field unavailable,4609,1521,548,2540,0.7351377477042049,0.7157011038976295,99,1422,44,403143,1800453,0.22391198215115862,442815,96.07615534823172,0.0,4
train_selected,M4_CONFIRM_2_WINDOWS,10000,-6000,120000,execution_toxicity_buckets,missing evidence: field unavailable,4609,1521,548,2540,0.7351377477042049,0.7157011038976295,99,1422,44,403143,1800453,0.22391198215115862,442815,96.07615534823172,0.0,4
train_selected,M4_CONFIRM_2_WINDOWS,10000,-6000,120000,chronological_tercile,holdout,1540,463,148,929,0.7577741407528642,0.7222606663716465,28,435,14,128849,463169,0.27819003430713196,100365,65.17207792207792,0.0,2
train_selected,M4_CONFIRM_2_WINDOWS,10000,-6000,120000,chronological_tercile,train,1548,536,202,810,0.7262872628726287,0.6930096699118776,35,501,13,115021,717714,0.16026021507174168,254608,164.47545219638243,0.0,4
train_selected,M4_CONFIRM_2_WINDOWS,10000,-6000,120000,chronological_tercile,validation,1521,522,198,801,0.725,0.6912556794647783,36,486,17,159273,619570,0.25707022612457026,87842,57.752794214332674,0.0,3
full_grid_diagnostic_best,M0_ALL,1500,-6000,120000,candidate_class,heartbeat_only_candidate,7,3,3,1,0.5,0.1876163064826505,0,3,1,1591,9652,0.16483630335681723,6279,897.0,0.0,1
full_grid_diagnostic_best,M0_ALL,1500,-6000,120000,candidate_class,no_progress_with_volume_candidate,316,134,142,40,0.4855072463768116,0.427148755444086,14,120,105,163227,239044,0.6828324492562039,45435,143.78164556962025,0.0,6
full_grid_diagnostic_best,M0_ALL,1500,-6000,120000,candidate_class,weak_no_progress_candidate,4132,1274,438,2420,0.7441588785046729,0.7229594151395233,56,1218,244,423274,1078813,0.3923515938350761,565103,136.76258470474346,0.0,4
full_grid_diagnostic_best,M0_ALL,1500,-6000,120000,candidate_age_ms_bucket,000000-015000ms,4235,1319,496,2420,0.7267217630853995,0.7057569761177246,52,1267,287,485840,1160867,0.41851478248584895,570522,134.7159386068477,0.0,3
full_grid_diagnostic_best,M0_ALL,1500,-6000,120000,candidate_age_ms_bucket,015001-030000ms,177,75,61,41,0.5514705882352942,0.4676142838749048,15,60,41,66772,138789,0.48110441029188195,57099,322.59322033898303,0.0,4
full_grid_diagnostic_best,M0_ALL,1500,-6000,120000,candidate_age_ms_bucket,030001-060000ms,41,16,25,0,0.3902439024390244,0.2565614506012352,3,13,21,33765,26744,1.2625261740951241,-10198,-248.73170731707316,-591.0,6
full_grid_diagnostic_best,M0_ALL,1500,-6000,120000,candidate_age_ms_bucket,060001-120000ms,2,1,1,0,0.5,0.09453120573423071,0,1,1,1715,1109,1.5464382326420198,-606,-303.0,-303.0,1
full_grid_diagnostic_best,M0_ALL,1500,-6000,120000,candidate_pnl_bps_bucket,-2999..-1000bps,266,155,73,38,0.6798245614035088,0.6167166988934372,23,132,48,147240,276734,0.5320632809846279,104147,391.53007518796994,220.5,5
full_grid_diagnostic_best,M0_ALL,1500,-6000,120000,candidate_pnl_bps_bucket,-5999..-3000bps,96,69,18,9,0.7931034482758621,0.6964912643847028,22,47,3,15751,54597,0.2884957048922102,21132,220.125,159.5,4
full_grid_diagnostic_best,M0_ALL,1500,-6000,120000,candidate_pnl_bps_bucket,-999..0bps,3847,1097,343,2407,0.7618055555555555,0.7391256268833215,18,1079,174,303461,734557,0.413121105645988,368914,95.89654276059267,0.0,3
full_grid_diagnostic_best,M0_ALL,1500,-6000,120000,candidate_pnl_bps_bucket,1..300bps,121,50,67,4,0.42735042735042733,0.3414280334411742,1,49,50,68901,115855,0.5947175348495964,32902,271.91735537190084,-704.0,5
full_grid_diagnostic_best,M0_ALL,1500,-6000,120000,candidate_pnl_bps_bucket,1001..3000bps,30,8,22,0,0.26666666666666666,0.1418266331959632,1,7,22,5584,28000,0.19942857142857143,22416,747.2,-160.0,8
full_grid_diagnostic_best,M0_ALL,1500,-6000,120000,candidate_pnl_bps_bucket,301..1000bps,95,32,60,3,0.34782608695652173,0.25837759483406253,5,27,53,47155,117766,0.40041268277771175,67306,708.4842105263158,-594.0,9
full_grid_diagnostic_best,M0_ALL,1500,-6000,120000,candidate_window_count_before_action_bucket,3,4455,1411,583,2461,0.7076228686058175,0.6872743721210641,70,1341,350,588092,1327509,0.44300415289086553,616817,138.45499438832772,0.0,4
full_grid_diagnostic_best,M0_ALL,1500,-6000,120000,pre_entry_overextension_buckets,missing evidence: field unavailable,4455,1411,583,2461,0.7076228686058175,0.6872743721210641,70,1341,350,588092,1327509,0.44300415289086553,616817,138.45499438832772,0.0,4
full_grid_diagnostic_best,M0_ALL,1500,-6000,120000,pre_entry_organicity_buckets,missing evidence: field unavailable,4455,1411,583,2461,0.7076228686058175,0.6872743721210641,70,1341,350,588092,1327509,0.44300415289086553,616817,138.45499438832772,0.0,4
full_grid_diagnostic_best,M0_ALL,1500,-6000,120000,execution_toxicity_buckets,missing evidence: field unavailable,4455,1411,583,2461,0.7076228686058175,0.6872743721210641,70,1341,350,588092,1327509,0.44300415289086553,616817,138.45499438832772,0.0,4
full_grid_diagnostic_best,M0_ALL,1500,-6000,120000,chronological_tercile,holdout,1502,444,154,904,0.7424749163879598,0.7059582165422433,15,429,88,161173,371627,0.4336956141507479,174578,116.23035952063915,0.0,2
full_grid_diagnostic_best,M0_ALL,1500,-6000,120000,chronological_tercile,train,1495,488,228,779,0.6815642458100558,0.6465490222758733,27,461,140,237381,521441,0.4552403819415811,240966,161.18127090301005,0.0,4
full_grid_diagnostic_best,M0_ALL,1500,-6000,120000,chronological_tercile,validation,1458,479,201,778,0.7044117647058824,0.6690441262446077,28,451,122,189538,434441,0.43628018534162294,201273,138.04732510288065,0.0,3
