artifact_name,phase,required_for_research_grade,path_role,schema_expected,row_count_required,sha256_required,raw_jsonl_allowed_in_git,notes
pre_run_manifest.json,pre_run,true,manifest,shadow_v2_evidence_manifest_v1,false,true,false,pre run inventory before validation evidence collection
post_run_manifest.json,post_run,true,manifest,shadow_v2_evidence_manifest_v1,false,true,false,post run inventory after validation evidence collection
shadow_position_event_v2.jsonl,post_run,true,canonical_event_stream,shadow_position_event_v2,true,true,false,canonical append only position event stream
shadow_replay_v2.jsonl,post_run,true,derived_replay,shadow_replay_v2,true,true,false,replay V2 derived from canonical stream
shadow_lifecycle_v2.jsonl,post_run,true,derived_lifecycle,shadow_lifecycle_v2,true,true,false,lifecycle V2 derived from canonical stream
shadow_source_ref_manifest_v2.jsonl,post_run,true,derived_source_ref_manifest,shadow_source_ref_manifest_v2,true,true,false,compact replay lifecycle source ref ranges and hashes
shadow_artifact_rotation_manifest_v2.jsonl,post_run,false,artifact_rotation_manifest,shadow_artifact_rotation_manifest_v2,true,true,false,emitted when JSONL artifacts rotate before artifact budget breach
shadow_path_density_v2.jsonl,post_run,true,density_report,shadow_path_density_v2,true,true,false,path density and horizon verdict evidence
shadow_v2_manifest_report.csv,post_run,true,derived_manifest_report,shadow_v2_artifact_manifest_entry_v1,false,true,false,derived per artifact manifest CSV
