kolumna,status,powod,non_null,dtype
curve_t0_event_ts_ms,rejected,absolute_or_event_timestamp,1708,int64
end_10s_ts_ms,rejected,absolute_or_event_timestamp,1708,int64
eval_count,rejected,blocked_pattern:eval,1708,int64
pdd_hard_fail_evaluated,rejected,blocked_pattern:eval,1708,bool
total_tx_evaluated,rejected,blocked_pattern:eval,1708,int64
unique_signers_evaluated,rejected,blocked_pattern:eval,1708,int64
unique_tx_evaluated,rejected,blocked_pattern:eval,1708,int64
curve_finality,rejected,blocked_pattern:final,1708,str
curve_finality_is_finalized,rejected,blocked_pattern:final,1708,bool
finalize_lag_ms,rejected,blocked_pattern:final,1708,int64
static_fee_profile_ratio,rejected,blocked_pattern:profile,487,float64
delta_net_quote_sol_1s_to_2s,rejected,blocked_pattern:quote,1593,float64
delta_net_quote_sol_1s_to_3s,rejected,blocked_pattern:quote,1571,float64
delta_net_quote_sol_2s_to_3s,rejected,blocked_pattern:quote,1571,float64
net_quote_in_15s,rejected,blocked_pattern:quote,1708,float64
net_quote_in_30s,rejected,blocked_pattern:quote,1708,float64
rate_net_quote_sol_per_s_1s_to_2s,rejected,blocked_pattern:quote,1593,float64
rate_net_quote_sol_per_s_1s_to_3s,rejected,blocked_pattern:quote,1571,float64
rollout_namespace,rejected,blocked_pattern:rollout,1708,str
early_slot_volume_dominance_buy,rejected,blocked_pattern:slot,1705,float64
timestamp,rejected,blocked_pattern:timestamp,1708,str
top1_wallet_share,rejected,blocked_pattern:wall,1275,float64
ab_fail_count_window,rejected,blocked_prefix,1708,int64
aps_regime,rejected,blocked_prefix,1708,str
aps_shadow_branch1_sniped,rejected,blocked_prefix,1708,float64
aps_shadow_branch3_hhi,rejected,blocked_prefix,1708,float64
aps_shadow_confidence_min,rejected,blocked_prefix,1708,float64
aps_shadow_entry_drift_max,rejected,blocked_prefix,1708,float64
aps_shadow_prosperity_mcap,rejected,blocked_prefix,1708,float64
aps_shadow_prosperity_would_pass,rejected,blocked_prefix,1708,bool
aps_shadow_thresholds,rejected,blocked_prefix,1708,str
curve_t0_clock_source,rejected,blocked_prefix,1708,str
gatekeeper_first_kill_gate,rejected,blocked_prefix,573,str
gatekeeper_first_kill_reason,rejected,blocked_prefix,573,str
gatekeeper_terminal_gate,rejected,blocked_prefix,1708,str
gatekeeper_v2_replay_missing_fields,rejected,blocked_prefix,44,object
gatekeeper_version,rejected,blocked_prefix,1708,str
legacy_soft_flags,rejected,blocked_prefix,1708,str
legacy_soft_points,rejected,blocked_prefix,1708,int64
legacy_soft_threshold,rejected,blocked_prefix,1708,int64
max_avg_inner_ix_count_50tx,rejected,blocked_prefix,1708,float64
max_avg_interval_ms,rejected,blocked_prefix,1708,float64
max_avg_tx_sol,rejected,blocked_prefix,1708,float64
max_bonding_progress_pct,rejected,blocked_prefix,1708,float64
max_burst_ratio,rejected,blocked_prefix,1708,float64
max_buy_ratio,rejected,blocked_prefix,1708,float64
max_compute_unit_cluster_dominance,rejected,blocked_prefix,1708,float64
max_dev_buy_sol,rejected,blocked_prefix,1708,float64
max_dev_buyer_infrastructure_affinity,rejected,blocked_prefix,1708,float64
max_dev_tx_ratio,rejected,blocked_prefix,1708,float64
max_dev_volume_ratio,rejected,blocked_prefix,1708,float64
max_early_slot_volume_dominance_buy,rejected,blocked_prefix,1708,float64
max_early_top3_buy_volume_pct_3s,rejected,blocked_prefix,1708,float64
max_funding_source_concentration,rejected,blocked_prefix,1708,float64
max_hhi,rejected,blocked_prefix,1708,float64
max_interval_cv,rejected,blocked_prefix,1708,float64
max_jito_tip_intensity,rejected,blocked_prefix,1708,float64
max_price_change_ratio,rejected,blocked_prefix,1708,float64
max_same_ms_tx_ratio,rejected,blocked_prefix,1708,float64
max_sell_buy_ratio,rejected,blocked_prefix,1708,float64
max_signer_cross_pool_velocity,rejected,blocked_prefix,1708,float64
max_single_sell_impact_pct,rejected,blocked_prefix,1708,float64
max_single_tx_price_impact_pct,rejected,blocked_prefix,1708,float64
max_soft_points,rejected,blocked_prefix,1708,int64
max_soft_score,rejected,blocked_prefix,1708,int64
max_sol_buy_ratio,rejected,blocked_prefix,1708,float64
max_static_fee_profile_ratio,rejected,blocked_prefix,1708,float64
max_timing_entropy,rejected,blocked_prefix,1708,float64
max_top3_volume_pct,rejected,blocked_prefix,1708,float64
max_total_volume_sol,rejected,blocked_prefix,1708,float64
max_tx_per_signer,rejected,blocked_prefix,1708,int64
max_unique_ratio,rejected,blocked_prefix,1708,float64
max_volume_cv,rejected,blocked_prefix,1708,float64
max_volume_gini,rejected,blocked_prefix,1708,float64
max_wait_time_ms,rejected,blocked_prefix,1708,int64
min_alpha_joint,rejected,blocked_prefix,1708,float64
min_alpha_sample,rejected,blocked_prefix,1708,int64
min_avg_inner_ix_count_50tx,rejected,blocked_prefix,1708,float64
min_avg_interval_ms,rejected,blocked_prefix,1708,float64
min_avg_tx_sol,rejected,blocked_prefix,1708,float64
min_bonding_progress_pct,rejected,blocked_prefix,1708,float64
min_buy_count,rejected,blocked_prefix,1708,int64
min_buy_ratio,rejected,blocked_prefix,1708,float64
min_compute_unit_cluster_dominance,rejected,blocked_prefix,1708,float64
min_consecutive_buys,rejected,blocked_prefix,1708,int64
min_cpv_other_pool_activity,rejected,blocked_prefix,1708,float64
min_demand,rejected,blocked_prefix,1708,float64
min_demand_elasticity_score,rejected,blocked_prefix,1708,float64
min_dev_buy_sol,rejected,blocked_prefix,1708,float64
min_dev_tx_ratio,rejected,blocked_prefix,1708,float64
min_dev_volume_ratio,rejected,blocked_prefix,1708,float64
min_dust_filtered_count,rejected,blocked_prefix,1708,int64
min_fee_topology_diversity_index,rejected,blocked_prefix,1708,float64
min_fixed_size_buy_ratio,rejected,blocked_prefix,1708,float64
min_interval_cv,rejected,blocked_prefix,1708,float64
min_jito_tip_intensity,rejected,blocked_prefix,1708,float64
min_market_cap_sol,rejected,blocked_prefix,1708,float64
min_momentum,rejected,blocked_prefix,1708,float64
min_phases_to_pass,rejected,blocked_prefix,1708,int64
min_price_change_ratio,rejected,blocked_prefix,1708,float64
min_sell_buy_ratio,rejected,blocked_prefix,1708,float64
min_single_sell_impact_pct,rejected,blocked_prefix,1708,float64
min_sol_buy_ratio,rejected,blocked_prefix,1708,float64
min_sol_threshold,rejected,blocked_prefix,1708,float64
min_spend_fraction_divergence,rejected,blocked_prefix,1708,float64
min_static_fee_profile_ratio,rejected,blocked_prefix,1708,float64
min_timing_entropy,rejected,blocked_prefix,1708,float64
min_total_volume_sol,rejected,blocked_prefix,1708,float64
min_tx_count,rejected,blocked_prefix,1708,int64
min_unique_ratio,rejected,blocked_prefix,1708,float64
min_unique_signers,rejected,blocked_prefix,1708,int64
min_volume_cv,rejected,blocked_prefix,1708,float64
min_volume_gini,rejected,blocked_prefix,1708,float64
shadow_early_elapsed_ms,rejected,blocked_prefix,998,float64
shadow_early_phases_passed,rejected,blocked_prefix,998,float64
shadow_entry_mode,rejected,blocked_prefix,425,str
shadow_extended_elapsed_ms,rejected,blocked_prefix,14,float64
shadow_fsc_v2_policy_signal,rejected,blocked_prefix,1708,bool
shadow_fsc_v2_soft_points_if_enabled,rejected,blocked_prefix,1708,int64
shadow_metadata_source,rejected,blocked_prefix,425,str
shadow_normal_elapsed_ms,rejected,blocked_prefix,998,float64
shadow_normal_phases_passed,rejected,blocked_prefix,998,float64
shadow_ready,rejected,blocked_prefix,425,object
shadow_trigger_eligible,rejected,blocked_prefix,425,object
shadow_trigger_present,rejected,blocked_prefix,425,object
sybil_metric_degraded_reasons,rejected,blocked_prefix,1708,object
v25_confidence,rejected,blocked_prefix,1128,float64
v25_confidence_alpha_quality,rejected,blocked_prefix,1128,float64
v25_confidence_available,rejected,blocked_prefix,1708,bool
v25_confidence_base_quality,rejected,blocked_prefix,1128,float64
v25_confidence_pdd_modulator,rejected,blocked_prefix,1128,float64
v25_confidence_pre_veto,rejected,blocked_prefix,1128,float64
v25_confidence_sybil_modulator,rejected,blocked_prefix,1128,float64
v25_confidence_tas_modulator,rejected,blocked_prefix,1128,float64
v25_promotion_state,rejected,blocked_prefix,1708,str
v25_shadow_confidence,rejected,blocked_prefix,1308,float64
v25_shadow_confidence_source,rejected,blocked_prefix,1308,str
v25_shadow_observation_stage,rejected,blocked_prefix,1708,str
v3_actionability,rejected,blocked_prefix,1708,object
v3_component_scores,rejected,blocked_prefix,1708,object
v3_manipulation_contradictions,rejected,blocked_prefix,1708,object
v3_materialization_version,rejected,blocked_prefix,1708,int64
v3_organic_broadening,rejected,blocked_prefix,1708,object
v3_policy_version,rejected,blocked_prefix,1708,int64
v3_shadow_confidence,rejected,blocked_prefix,1708,float64
v3_shadow_manipulation_contradictions,rejected,blocked_prefix,1708,object
v3_shadow_notes,rejected,blocked_prefix,1708,object
v3_shadow_opportunity_score,rejected,blocked_prefix,1708,float64
v3_shadow_organic_broadening,rejected,blocked_prefix,1708,object
v3_shadow_risk_penalty,rejected,blocked_prefix,1708,float64
v3_shadow_risk_primary_reason,rejected,blocked_prefix,821,str
v3_shadow_schema_version,rejected,blocked_prefix,1708,int64
v3_shadow_stage,rejected,blocked_prefix,1708,str
v3_stage_thresholds,rejected,blocked_prefix,1708,object
vectors_d_price,rejected,blocked_prefix,1664,object
vectors_interval_ms,rejected,blocked_prefix,1664,object
vectors_max_len,rejected,blocked_prefix,1708,int64
vectors_price_coverage_ratio,rejected,blocked_prefix,1708,float64
vectors_price_finite_count,rejected,blocked_prefix,1708,int64
vectors_price_missing_count,rejected,blocked_prefix,1708,int64
vectors_prices,rejected,blocked_prefix,1708,object
vectors_sol_amounts,rejected,blocked_prefix,1708,object
vectors_ts_offsets_ms,rejected,blocked_prefix,1708,object
alpha_gate_enabled,rejected,blocked_suffix,1708,bool
core1_passed,rejected,blocked_suffix,1708,bool
core2_passed,rejected,blocked_suffix,1708,bool
core3_passed,rejected,blocked_suffix,1708,bool
core_pass,rejected,blocked_suffix,1708,bool
curve_data_known,rejected,blocked_suffix,1708,bool
dev_wallet_known,rejected,blocked_suffix,1708,bool
entry_order_id,rejected,blocked_suffix,1708,str
fingerprint_reason,rejected,blocked_suffix,1393,str
first_seen_clock_source,rejected,blocked_suffix,1708,str
hard_fail_reason,rejected,blocked_suffix,1283,str
hard_reject_reason,rejected,blocked_suffix,1283,str
iwim_enabled,rejected,blocked_suffix,1708,bool
log_schema_version,rejected,blocked_suffix,1708,int64
observed_mode,rejected,blocked_suffix,1708,str
phase2_passed,rejected,blocked_suffix,1708,bool
phase3_passed,rejected,blocked_suffix,1708,bool
phase4_passed,rejected,blocked_suffix,1708,bool
phase5_passed,rejected,blocked_suffix,1708,bool
phase6_passed,rejected,blocked_suffix,1708,bool
phases_passed,rejected,blocked_suffix,1708,int64
probe_id,rejected,blocked_suffix,1298,str
prosperity_filter_enabled,rejected,blocked_suffix,1708,bool
prosperity_overlay_enabled,rejected,blocked_suffix,1708,bool
source_ab_record_id,rejected,blocked_suffix,1298,str
sybil_combo_veto_enabled,rejected,blocked_suffix,1708,bool
sybil_interference_layer_enabled,rejected,blocked_suffix,1708,bool
tas_available,rejected,blocked_suffix,1708,bool
tas_unavailable_reason,rejected,blocked_suffix,580,str
three_layer_enabled,rejected,blocked_suffix,1708,bool
verdict_type,rejected,blocked_suffix,1708,str
alpha_actionable,rejected,bool_flag,1708,bool
bonding_progress_check_skipped,rejected,bool_flag,1708,bool
curve_required_for_buy,rejected,bool_flag,1708,bool
dev_has_sold,rejected,bool_flag,1708,bool
dev_sold_within_3s,rejected,bool_flag,1708,bool
dev_sold_within_5s,rejected,bool_flag,1708,bool
dev_unknown,rejected,bool_flag,1708,bool
fingerprint_degraded,rejected,bool_flag,1708,bool
pdd_flash_crash_risk,rejected,bool_flag,1708,bool
pdd_ramping_detected,rejected,bool_flag,1708,bool
pdd_spike_detected,rejected,bool_flag,1708,bool
reject_on_dev_sell,rejected,bool_flag,1708,bool
curve_wait_ms,rejected,constant_or_single_value,1708,int64
dust_filtered_count,rejected,constant_or_single_value,1708,int64
effective_max_soft_points,rejected,constant_or_single_value,1708,int64
hard_fail_hhi_threshold,rejected,constant_or_single_value,1708,float64
observation_duration_ms,rejected,constant_or_single_value,1708,int64
observation_window_ms,rejected,constant_or_single_value,1708,int64
observed_window_ms,rejected,constant_or_single_value,1708,int64
soft_points,rejected,constant_or_single_value,1708,int64
soft_score,rejected,constant_or_single_value,1708,int64
sybil_soft_points,rejected,constant_or_single_value,1708,int64
sybil_soft_threshold,rejected,constant_or_single_value,1708,int64
total_soft_points,rejected,constant_or_single_value,1708,int64
_decision_source_file,rejected,explicit_leakage_field,1708,str
_decision_source_line,rejected,explicit_leakage_field,1708,int64
_lifecycle_source_file,rejected,explicit_leakage_field,1708,str
_lifecycle_source_line,rejected,explicit_leakage_field,1708,int64
_merged_mint_id,rejected,explicit_leakage_field,1708,str
ab_record_id,rejected,explicit_leakage_field,1708,str
ab_t0_event_ts_ms,rejected,explicit_leakage_field,1708,int64
ab_t_end_event_ts_ms,rejected,explicit_leakage_field,1708,int64
ab_tx_count_window,rejected,explicit_leakage_field,1708,int64
ab_unique_signers_window,rejected,explicit_leakage_field,1708,int64
ab_window_close_reason,rejected,explicit_leakage_field,1708,str
ab_window_complete,rejected,explicit_leakage_field,1708,bool
ab_window_ms,rejected,explicit_leakage_field,1708,int64
ab_window_origin,rejected,explicit_leakage_field,1708,str
brain_config_hash,rejected,explicit_leakage_field,1708,str
brain_config_path,rejected,explicit_leakage_field,1708,str
candidate_id,rejected,explicit_leakage_field,1708,str
config_hash,rejected,explicit_leakage_field,1708,str
decision_eval_snapshots,rejected,explicit_leakage_field,1708,object
decision_plane,rejected,explicit_leakage_field,1708,str
decision_reason,rejected,explicit_leakage_field,1708,str
decision_verdict_buy,rejected,explicit_leakage_field,1708,bool
dispatch_source,rejected,explicit_leakage_field,1298,str
entry_price,rejected,explicit_leakage_field,1708,float64
entry_slot,rejected,explicit_leakage_field,1298,float64
entry_value_sol,rejected,explicit_leakage_field,1708,float64
estimated_costs_sol,rejected,explicit_leakage_field,1708,float64
exit_price,rejected,explicit_leakage_field,1708,float64
exit_value_sol,rejected,explicit_leakage_field,1708,float64
final_pnl,rejected,explicit_leakage_field,1708,float64
final_pnl_pct,rejected,explicit_leakage_field,1708,float64
first_seen_ts_ms,rejected,explicit_leakage_field,1708,int64
fraction_bps,rejected,explicit_leakage_field,1708,int64
funding_source_diagnostics,rejected,explicit_leakage_field,1708,object
funding_source_v2,rejected,explicit_leakage_field,1708,object
gatekeeper_decision_payload,rejected,explicit_leakage_field,1708,object
gatekeeper_gate_trace,rejected,explicit_leakage_field,1708,object
gatekeeper_v2_config_payload,rejected,explicit_leakage_field,1708,object
gatekeeper_v2_phase_pass_vector,rejected,explicit_leakage_field,1708,object
gatekeeper_v2_replay_input_schema_version,rejected,explicit_leakage_field,1708,int64
gatekeeper_v2_replay_ready_non_temporal,rejected,explicit_leakage_field,1708,bool
gatekeeper_v2_replay_ready_temporal,rejected,explicit_leakage_field,1708,bool
gatekeeper_v3_config_payload,rejected,explicit_leakage_field,1708,object
gross_pnl_sol,rejected,explicit_leakage_field,1708,float64
join_key,rejected,explicit_leakage_field,1708,str
lane,rejected,explicit_leakage_field,1708,str
legacy_live_reason_chain,rejected,explicit_leakage_field,1708,str
legacy_live_verdict_buy,rejected,explicit_leakage_field,1708,bool
legacy_live_verdict_type,rejected,explicit_leakage_field,1708,str
materialized_feature_snapshot,rejected,explicit_leakage_field,1708,object
mint_id,rejected,explicit_leakage_field,1708,str
net_pnl_sol,rejected,explicit_leakage_field,1708,float64
observation_end_ts_ms,rejected,explicit_leakage_field,1708,int64
observation_start_ts_ms,rejected,explicit_leakage_field,1708,int64
pool_id,rejected,explicit_leakage_field,1708,str
position_epoch,rejected,explicit_leakage_field,1708,int64
position_id,rejected,explicit_leakage_field,1708,str
quote_id,rejected,explicit_leakage_field,1708,str
reason_code,rejected,explicit_leakage_field,1708,str
reason_code_version,rejected,explicit_leakage_field,1708,int64
record_type,rejected,explicit_leakage_field,1708,str
remaining_fraction_bps,rejected,explicit_leakage_field,1708,int64
rollout_profile,rejected,explicit_leakage_field,1708,str
run_id,rejected,explicit_leakage_field,1708,str
sample_age_ms,rejected,explicit_leakage_field,1708,int64
sample_price_state,rejected,explicit_leakage_field,1708,str
sample_slot,rejected,explicit_leakage_field,1708,int64
sample_timestamp_ms,rejected,explicit_leakage_field,1708,int64
session_id,rejected,explicit_leakage_field,1708,str
shadow_early_verdict,rejected,explicit_leakage_field,998,str
shadow_execution_outcome,rejected,explicit_leakage_field,425,str
shadow_extended_verdict,rejected,explicit_leakage_field,14,str
shadow_fsc_v2_reason_if_enabled,rejected,explicit_leakage_field,1708,str
shadow_normal_verdict,rejected,explicit_leakage_field,998,str
shadow_tas_reject_reason,rejected,explicit_leakage_field,52,str
timestamp_ms,rejected,explicit_leakage_field,1708,int64
total_exits,rejected,explicit_leakage_field,1708,int64
truth_source,rejected,explicit_leakage_field,1708,str
truth_status,rejected,explicit_leakage_field,1708,str
v25_confidence_unavailable_reason,rejected,explicit_leakage_field,580,str
v25_confidence_zeroed_by_pdd_hard_fail,rejected,explicit_leakage_field,1128,object
v25_confidence_zeroed_by_tas_hard_reject,rejected,explicit_leakage_field,1128,object
v25_shadow_decisions_payload,rejected,explicit_leakage_field,1708,object
v25_shadow_reason_chain,rejected,explicit_leakage_field,998,str
v25_shadow_verdict_type,rejected,explicit_leakage_field,998,str
v3_evidence_status,rejected,explicit_leakage_field,1708,object
v3_feature_snapshot_hash,rejected,explicit_leakage_field,1708,str
v3_materialized_feature_snapshot,rejected,explicit_leakage_field,1708,object
v3_policy_config_hash,rejected,explicit_leakage_field,1708,str
v3_policy_config_payload,rejected,explicit_leakage_field,1708,object
v3_replay_payload_schema_version,rejected,explicit_leakage_field,1708,int64
v3_shadow_confidence_after_risk,rejected,explicit_leakage_field,1708,float64
v3_shadow_confidence_after_stage,rejected,explicit_leakage_field,1708,float64
v3_shadow_confidence_cap,rejected,explicit_leakage_field,1708,float64
v3_shadow_confidence_cap_reasons,rejected,explicit_leakage_field,1708,object
v3_shadow_confidence_final,rejected,explicit_leakage_field,1708,float64
v3_shadow_confidence_raw,rejected,explicit_leakage_field,1708,float64
v3_shadow_evidence_status,rejected,explicit_leakage_field,1708,object
v3_shadow_opportunity_status,rejected,explicit_leakage_field,1708,str
v3_shadow_reason_chain,rejected,explicit_leakage_field,1708,object
v3_shadow_reason_code,rejected,explicit_leakage_field,1708,str
v3_shadow_risk_status,rejected,explicit_leakage_field,1708,str
v3_shadow_secondary_reason_codes,rejected,explicit_leakage_field,1708,object
v3_shadow_verdict,rejected,explicit_leakage_field,1708,str
vectors_price_source_account_state_count,rejected,explicit_leakage_field,1708,int64
vectors_price_source_carry_forward_count,rejected,explicit_leakage_field,1708,int64
vectors_price_source_history_count,rejected,explicit_leakage_field,1708,int64
vectors_price_source_market_cap_count,rejected,explicit_leakage_field,1708,int64
vectors_price_source_quote_count,rejected,explicit_leakage_field,1708,int64
vectors_price_source_reserve_count,rejected,explicit_leakage_field,1708,int64
base_mint,rejected,too_few_numeric_values,1708,str
collection_plane,rejected,too_few_numeric_values,1298,str
dev_pubkey,rejected,too_few_numeric_values,1708,str
market_regime,rejected,too_few_numeric_values,1708,str
mode,rejected,too_few_numeric_values,1708,str
observation_stage,rejected,too_few_numeric_values,1708,str
observed_stage,rejected,too_few_numeric_values,1708,str
pdd_soft_flags,rejected,too_few_numeric_values,276,str
pdd_spike_ratio_quality,rejected,too_few_numeric_values,1571,str
probe_plane,rejected,too_few_numeric_values,1298,str
soft_flags,rejected,too_few_numeric_values,1708,str
sybil_soft_flags,rejected,too_few_numeric_values,1708,str
avg_cpi_depth_50tx,selected_feature,decision_time_numeric_scalar,1705,float64
avg_inner_ix_count_50tx,selected_feature,decision_time_numeric_scalar,1705,float64
avg_interval_ms,selected_feature,decision_time_numeric_scalar,1664,float64
avg_tx_sol,selected_feature,decision_time_numeric_scalar,1708,float64
block0_sniped_supply_pct,selected_feature,decision_time_numeric_scalar,1708,float64
bonding_progress_pct,selected_feature,decision_time_numeric_scalar,1708,float64
burst_ratio,selected_feature,decision_time_numeric_scalar,1664,float64
buy_count,selected_feature,decision_time_numeric_scalar,1708,int64
buy_ratio,selected_feature,decision_time_numeric_scalar,1708,float64
buyer_hhi,selected_feature,decision_time_numeric_scalar,1275,float64
buyer_pre_balance_cv,selected_feature,decision_time_numeric_scalar,330,float64
compute_unit_cluster_dominance,selected_feature,decision_time_numeric_scalar,1230,float64
cpv_other_pool_activity,selected_feature,decision_time_numeric_scalar,1282,float64
cu_price_p90_10s,selected_feature,decision_time_numeric_scalar,1669,float64
cu_price_p90_1s,selected_feature,decision_time_numeric_scalar,1603,float64
current_market_cap_sol,selected_feature,decision_time_numeric_scalar,1708,float64
curve_wait_elapsed_ms,selected_feature,decision_time_numeric_scalar,1708,int64
delta_burstratio_1s_to_2s,selected_feature,decision_time_numeric_scalar,1583,float64
delta_burstratio_1s_to_3s,selected_feature,decision_time_numeric_scalar,1561,float64
delta_burstratio_2s_to_3s,selected_feature,decision_time_numeric_scalar,1563,float64
delta_buy_count_1s_to_2s,selected_feature,decision_time_numeric_scalar,1593,float64
delta_buy_count_1s_to_3s,selected_feature,decision_time_numeric_scalar,1571,float64
delta_buy_count_2s_to_3s,selected_feature,decision_time_numeric_scalar,1571,float64
delta_flipper_presence_ratio_1s_to_2s,selected_feature,decision_time_numeric_scalar,1583,float64
delta_flipper_presence_ratio_1s_to_3s,selected_feature,decision_time_numeric_scalar,1561,float64
delta_jito_tip_intensity_1s_to_2s,selected_feature,decision_time_numeric_scalar,1583,float64
delta_jito_tip_intensity_1s_to_3s,selected_feature,decision_time_numeric_scalar,1561,float64
delta_mcap_1s_to_2s,selected_feature,decision_time_numeric_scalar,1583,float64
delta_mcap_1s_to_3s,selected_feature,decision_time_numeric_scalar,1561,float64
delta_mcap_2s_to_3s,selected_feature,decision_time_numeric_scalar,1563,float64
delta_price_pct_1s_to_2s,selected_feature,decision_time_numeric_scalar,1583,float64
delta_price_pct_1s_to_3s,selected_feature,decision_time_numeric_scalar,1561,float64
delta_price_pct_2s_to_3s,selected_feature,decision_time_numeric_scalar,1563,float64
delta_signer_cross_pool_velocity_1s_to_2s,selected_feature,decision_time_numeric_scalar,449,float64
delta_signer_cross_pool_velocity_1s_to_3s,selected_feature,decision_time_numeric_scalar,443,float64
delta_tx_count_1s_to_2s,selected_feature,decision_time_numeric_scalar,1593,float64
delta_tx_count_1s_to_3s,selected_feature,decision_time_numeric_scalar,1571,float64
delta_tx_count_2s_to_3s,selected_feature,decision_time_numeric_scalar,1571,float64
delta_unique_signers_1s_to_2s,selected_feature,decision_time_numeric_scalar,1593,float64
delta_unique_signers_1s_to_3s,selected_feature,decision_time_numeric_scalar,1571,float64
delta_unique_signers_2s_to_3s,selected_feature,decision_time_numeric_scalar,1571,float64
demand_elasticity_score,selected_feature,decision_time_numeric_scalar,1500,float64
dev_buy_total_sol,selected_feature,decision_time_numeric_scalar,1708,float64
dev_buyer_infrastructure_affinity,selected_feature,decision_time_numeric_scalar,1469,float64
dev_paperhand_latency_ms,selected_feature,decision_time_numeric_scalar,612,float64
dev_tx_ratio,selected_feature,decision_time_numeric_scalar,1708,float64
dev_volume_ratio,selected_feature,decision_time_numeric_scalar,1708,float64
early_top3_buy_volume_pct_3s,selected_feature,decision_time_numeric_scalar,1701,float64
fee_topology_diversity_index,selected_feature,decision_time_numeric_scalar,1582,float64
fixed_size_buy_ratio,selected_feature,decision_time_numeric_scalar,1177,float64
fixed_size_buy_ratio_1e4,selected_feature,decision_time_numeric_scalar,1177,float64
flip_ratio_10s,selected_feature,decision_time_numeric_scalar,1705,float64
flipper_presence_ratio,selected_feature,decision_time_numeric_scalar,569,float64
hhi,selected_feature,decision_time_numeric_scalar,1664,float64
interval_cv,selected_feature,decision_time_numeric_scalar,1664,float64
jito_tip_intensity,selected_feature,decision_time_numeric_scalar,1387,float64
max_consecutive_buys_observed,selected_feature,decision_time_numeric_scalar,1708,int64
max_single_sell_impact_pct_observed,selected_feature,decision_time_numeric_scalar,1708,float64
max_single_tx_price_impact_pct_observed,selected_feature,decision_time_numeric_scalar,1708,float64
max_tx_per_signer_observed,selected_feature,decision_time_numeric_scalar,1664,float64
pdd_score,selected_feature,decision_time_numeric_scalar,1708,float64
pdd_soft_penalty_points,selected_feature,decision_time_numeric_scalar,1708,int64
pdd_spike_earlier_rate,selected_feature,decision_time_numeric_scalar,1128,float64
pdd_spike_ratio,selected_feature,decision_time_numeric_scalar,1128,float64
pdd_spike_recent_rate,selected_feature,decision_time_numeric_scalar,1128,float64
price_change_ratio,selected_feature,decision_time_numeric_scalar,1708,float64
priority_fee_surge_slope,selected_feature,decision_time_numeric_scalar,1603,float64
rate_buy_count_per_s_1s_to_2s,selected_feature,decision_time_numeric_scalar,1593,float64
rate_buy_count_per_s_1s_to_3s,selected_feature,decision_time_numeric_scalar,1571,float64
rate_mcap_sol_per_s_1s_to_2s,selected_feature,decision_time_numeric_scalar,1583,float64
rate_mcap_sol_per_s_1s_to_3s,selected_feature,decision_time_numeric_scalar,1561,float64
rate_mcap_sol_per_s_2s_to_3s,selected_feature,decision_time_numeric_scalar,1563,float64
rate_unique_signers_per_s_1s_to_2s,selected_feature,decision_time_numeric_scalar,1593,float64
rate_unique_signers_per_s_1s_to_3s,selected_feature,decision_time_numeric_scalar,1571,float64
same_ms_tx_ratio,selected_feature,decision_time_numeric_scalar,1664,float64
sell_buy_ratio,selected_feature,decision_time_numeric_scalar,1705,float64
sell_share,selected_feature,decision_time_numeric_scalar,1275,float64
signer_cross_pool_velocity,selected_feature,decision_time_numeric_scalar,1282,float64
sol_buy_ratio,selected_feature,decision_time_numeric_scalar,1708,float64
spend_fraction_divergence,selected_feature,decision_time_numeric_scalar,1345,float64
tas_buy_ratio_score,selected_feature,decision_time_numeric_scalar,1128,float64
tas_hhi_score,selected_feature,decision_time_numeric_scalar,1128,float64
tas_interval_score,selected_feature,decision_time_numeric_scalar,1128,float64
tas_momentum_score,selected_feature,decision_time_numeric_scalar,1128,float64
tas_overall_score,selected_feature,decision_time_numeric_scalar,1128,float64
tas_volume_score,selected_feature,decision_time_numeric_scalar,1128,float64
timing_entropy,selected_feature,decision_time_numeric_scalar,1664,float64
top3_volume_pct,selected_feature,decision_time_numeric_scalar,1664,float64
total_volume_sol,selected_feature,decision_time_numeric_scalar,1708,float64
trade_rate,selected_feature,decision_time_numeric_scalar,1708,float64
unique_buyers,selected_feature,decision_time_numeric_scalar,1708,int64
unique_ratio,selected_feature,decision_time_numeric_scalar,1664,float64
volume_cv,selected_feature,decision_time_numeric_scalar,1708,float64
volume_gini,selected_feature,decision_time_numeric_scalar,1664,float64
whale_reversal_ratio_top1,selected_feature,decision_time_numeric_scalar,1705,float64
whale_reversal_ratio_top3,selected_feature,decision_time_numeric_scalar,1705,float64
